State,City,N,P,K,Soil_Type,Crop_Type,Moisture,Humidity,Temperature,pH,Fertilizer_Amount,Fertilizer_Recommendation,Region
Tamil Nadu,Madurai,138,77,64,Red Soil,Groundnut,12.160828030944874,87.66826055625893,33.329422057087264,5.203292347245345,120.50928381460554,10-26-26,NORTH WEST
Nagaland,Wokha,145,61,117,Silty Soil,Maize,12.257557215811225,86.3015434776331,26.562097983173313,5.459615421941372,181.18643183053254,17-17-17,NORTH EAST
Himachal Pradesh,Shimla,72,73,115,Loamy Soil,Wheat,21.89632699175072,71.85666233048613,22.855752926965145,5.3015677831891415,174.023581847414,10-26-26,SOUTH EAST
Chhattisgarh,Raipur,54,98,107,Red Soil,Pulses,26.79327590117667,65.9777620737298,37.71298586304999,4.7023562161054,198.53573772860867,10-26-26,NORTH WEST
Mizoram,Champhai,63,45,46,Silty Soil,Maize,10.63626349484574,49.252352529325194,20.56177785113563,6.398202157526738,189.39441747052413,28-28,SOUTH EAST
Haryana,Faridabad,90,29,92,Alluvial Soil,Pulses,21.579710290118783,70.32182262478355,34.68536007619025,5.455561068825897,63.60669607966733,DAP,SOUTH EAST
Maharashtra,Mumbai,69,37,72,Black Soil,Soybean,16.92928472446838,68.31431835611556,24.62417891548377,8.02067745189544,190.87820010109715,10-26-26,NORTH WEST
Manipur,Thoubal,109,75,50,Silty Soil,Rice,16.924510040604794,80.06822803731819,36.374786447374206,7.4410745975897115,156.85201408056793,10-26-26,NORTH EAST
Goa,Vasco da Gama,63,31,90,Sandy Soil,Cashew,27.327904543417215,73.75658981215088,20.863252395114245,5.758007580110171,89.24718152632505,10-26-26,SOUTH EAST
Uttar Pradesh,Agra,116,72,89,Alluvial Soil,Sugarcane,23.904355945906964,66.30912409392293,35.73069371926691,6.072692103039801,63.64182401680113,10-26-26,SOUTH EAST
Rajasthan,Jodhpur,130,95,96,Desert Soil,Wheat,20.020421465234058,63.88003489572213,34.324035793417785,5.926758877839303,82.6186775838471,17-17-17,SOUTH EAST
West Bengal,Durgapur,62,59,45,Alluvial Soil,Tea,14.85823969773173,88.21620808191132,27.052569938231557,6.578933226375765,123.28768928583506,28-28,NORTH WEST
Haryana,Faridabad,72,75,100,Alluvial Soil,Pulses,16.459935448592102,74.10752617837792,37.61909870955576,4.975725823714559,50.11628736865773,10-26-26,SOUTH WEST
Assam,Dibrugarh,62,94,53,Alluvial Soil,Jute,22.02517873204181,57.14472421050995,28.10286241942705,6.143370197059685,102.25280607973713,10-26-26,NORTH WEST
Maharashtra,Nagpur,82,86,89,Black Soil,Soybean,12.176354820249246,69.27618495292111,22.729171999164247,4.83769085123404,100.93355449989681,10-26-26,SOUTH EAST
Himachal Pradesh,Shimla,145,62,78,Loamy Soil,Wheat,13.891167068156884,57.354116860244766,33.1882166284357,5.722486566694441,91.91033867216765,10-26-26,SOUTH WEST
Uttar Pradesh,Kanpur,99,67,87,Alluvial Soil,Sugarcane,23.63417099483445,82.88481437263079,25.03143501897732,6.04485076045533,87.03743346941786,10-26-26,NORTH WEST
Himachal Pradesh,Shimla,146,86,47,Loamy Soil,Wheat,20.621816081000308,40.51365114273187,30.13318516479695,5.628746596867263,116.28284067725784,28-28,NORTH WEST
Haryana,Gurgaon,99,65,78,Alluvial Soil,Pulses,14.09122981160982,52.84766591701603,24.415680136087413,8.08253055579385,169.8966312015002,10-26-26,NORTH EAST
Karnataka,Bengaluru,104,77,106,Black Soil,Coffee,14.839467712260934,55.46110795620691,26.55904864079784,5.061640342268362,91.10855531005981,17-17-17,SOUTH WEST
Punjab,Chandigarh,108,24,34,Alluvial Soil,Wheat,12.889527453337099,53.30767779764568,27.44664720550771,4.735492001163711,57.06251327678133,DAP,NORTH WEST
Andhra Pradesh,Visakhapatnam,50,92,56,Red Soil,Rice,13.09240975614469,48.86514851748828,21.09719079481349,8.381915645845286,193.32268333281033,10-26-26,SOUTH WEST
Telangana,Warangal,136,55,38,Black Soil,Maize,26.298142205342266,57.836353728820654,20.390197468783086,7.249283938595527,151.85646095115885,28-28,SOUTH WEST
Uttar Pradesh,Lucknow,100,83,65,Alluvial Soil,Sugarcane,25.88385792709633,60.27910701126787,38.93855856688277,7.031871672826264,111.95928794209738,10-26-26,NORTH WEST
Madhya Pradesh,Bhopal,117,33,114,Black Soil,Wheat,10.099526376797225,78.2322805178619,22.547696715872593,7.382499467062362,133.41847313742431,10-26-26,SOUTH EAST
Nagaland,Wokha,111,82,91,Silty Soil,Maize,28.187840611909706,45.827615040220174,29.307166325461324,4.570532957906305,59.73396027501259,17-17-17,SOUTH WEST
Andhra Pradesh,Hyderabad,104,95,104,Red Soil,Rice,26.94643864065468,51.423899010551445,32.161059273164945,4.764047419825144,99.57438620897605,17-17-17,NORTH WEST
Meghalaya,Shillong,132,73,89,Silty Soil,Vegetables,24.157033075583776,57.12013886283631,34.74159168639108,6.701241024722169,73.68197533056909,10-26-26,SOUTH EAST
Bihar,Patna,116,62,55,Alluvial Soil,Rice,25.612284388085946,45.45141079156408,36.856376081917986,8.237967790016626,92.7376133234079,10-26-26,NORTH EAST
Tamil Nadu,Chennai,107,30,113,Red Soil,Groundnut,25.822381587365687,71.93223540970615,36.57435267512945,7.0849991150036065,75.29460665676908,10-26-26,NORTH EAST
Uttarakhand,Haridwar,59,65,81,Loamy Soil,Vegetables,27.27827443746831,85.38881043433625,23.279107115758645,5.634804352621089,188.23152115170925,10-26-26,NORTH EAST
Chhattisgarh,Bilaspur,100,72,46,Red Soil,Pulses,25.205613667081963,80.84357288245849,21.61574155175694,6.749945686300128,193.88495740826508,28-28,NORTH WEST
Chhattisgarh,Bilaspur,133,24,73,Red Soil,Pulses,13.621752089893896,52.996855524666366,21.83457620992496,6.000383271647618,168.8915107316298,DAP,NORTH EAST
Haryana,Chandigarh,61,20,107,Alluvial Soil,Pulses,20.06242667142743,55.20590077787259,39.63766408068159,8.102339487391838,191.32830875985852,DAP,SOUTH EAST
Punjab,Amritsar,141,66,108,Alluvial Soil,Wheat,27.64941311973178,45.09893465449212,26.94502258530363,5.883442876729356,126.36999988525962,17-17-17,NORTH EAST
Kerala,Kozhikode,60,83,35,Alluvial Soil,Coffee,11.51084155690855,67.26370199849384,32.10683760145238,6.306916061437892,184.45018941956764,28-28,NORTH EAST
Telangana,Karimnagar,133,86,47,Black Soil,Maize,11.553366317582848,59.792211045865244,27.841740019702648,5.324368090300684,117.79791807268488,28-28,NORTH WEST
Odisha,Bhubaneswar,121,64,86,Alluvial Soil,Rice,19.971714165267436,89.5262454341028,25.055462091873302,7.9095892062122815,54.48036065101074,10-26-26,SOUTH EAST
Bihar,Gaya,53,46,99,Alluvial Soil,Rice,27.348576957795256,42.47165811191232,33.7859425221236,7.50892694189326,52.490992611088814,10-26-26,SOUTH EAST
Uttarakhand,Dehradun,80,95,101,Loamy Soil,Vegetables,15.251640566616809,70.393465788101,39.82291346369228,5.234189047892573,149.9604613208532,10-26-26,NORTH EAST
Telangana,Hyderabad,143,48,74,Black Soil,Maize,24.204252834588427,61.20175045743342,24.22534920215739,5.649867211412351,76.5576349288414,10-26-26,SOUTH WEST
Arunachal Pradesh,Itanagar,96,83,107,Silty Soil,Millets,18.35874266491095,51.408407221895224,35.05017051384769,5.4331842384671525,143.70626635621483,10-26-26,NORTH WEST
Haryana,Chandigarh,59,91,119,Alluvial Soil,Pulses,16.633562707777195,51.24245035561734,37.411671538442334,5.5855117116039334,133.7140845588528,10-26-26,SOUTH EAST
Gujarat,Ahmedabad,58,57,30,Black Soil,Sugarcane,29.745899530460086,56.208890812631765,24.748714087259437,7.381496286912425,149.03322900151517,28-28,NORTH EAST
Odisha,Rourkela,113,46,81,Alluvial Soil,Rice,22.534342267732676,57.90609952644241,31.20974471015233,5.0979381065696865,75.60174591936511,10-26-26,NORTH WEST
Tripura,Dharmanagar,96,44,114,Silty Soil,Rice,17.928137339826183,71.82970041327522,36.956839590676736,7.077551524660694,118.56354134821672,10-26-26,NORTH EAST
Manipur,Churachandpur,56,61,73,Silty Soil,Rice,18.15293116960632,87.79821030610675,35.52529382754815,7.9112324441823,102.13110453602427,10-26-26,NORTH WEST
Bihar,Bhagalpur,128,84,118,Alluvial Soil,Rice,29.534171979378417,52.25821406010389,31.561125001844527,8.419783612562863,105.59348046846054,17-17-17,NORTH EAST
Arunachal Pradesh,Tawang,75,54,86,Silty Soil,Millets,29.290310040438822,78.68818075147016,28.094779095644665,6.821155753593879,74.17208004551674,10-26-26,SOUTH WEST
Chhattisgarh,Durg,123,59,69,Red Soil,Pulses,14.765784412428818,54.860694158895356,33.576991274334205,8.214183995775322,161.11602370544472,10-26-26,SOUTH EAST
Bihar,Gaya,66,58,76,Alluvial Soil,Rice,10.759120537902739,43.95719222691985,25.18894855389219,6.436996196456082,104.33127639544122,10-26-26,NORTH WEST
Andhra Pradesh,Visakhapatnam,77,73,65,Red Soil,Rice,28.629643843599855,66.94413358428497,24.720584050510258,8.388331616183676,172.93755544513945,10-26-26,SOUTH WEST
West Bengal,Durgapur,68,29,77,Alluvial Soil,Tea,24.61048894092127,83.4308392805791,25.336642969498804,4.520824591003971,179.6195038426442,DAP,NORTH WEST
Kerala,Kochi,97,69,65,Alluvial Soil,Coffee,19.358268527518316,57.3987359682604,31.831277382966352,4.531272718531705,193.4956730851731,10-26-26,SOUTH EAST
Jharkhand,Jamshedpur,125,54,104,Alluvial Soil,Pulses,25.492630831823906,61.25430829529864,36.98287491699226,6.206131332824275,132.34868335354747,10-26-26,NORTH WEST
Himachal Pradesh,Shimla,126,39,53,Loamy Soil,Wheat,17.739912294949505,66.30070156179201,25.532956311618285,8.087734712677257,85.74853936381007,10-26-26,NORTH EAST
West Bengal,Kolkata,111,66,45,Alluvial Soil,Tea,13.63876606071349,53.63615177879895,27.868932689168822,7.429591931497826,182.5457359687149,28-28,NORTH WEST
Bihar,Gaya,127,85,68,Alluvial Soil,Rice,14.02150474723827,82.40543454003712,29.201172042448558,5.019011940457066,126.18928525309578,10-26-26,NORTH EAST
Odisha,Cuttack,88,96,65,Alluvial Soil,Rice,18.98774538359183,44.51840625622679,20.354010175772736,5.718000345903105,177.4328266304048,10-26-26,NORTH EAST
Uttarakhand,Dehradun,139,81,49,Loamy Soil,Vegetables,15.998569780219867,45.54942784205434,20.15512800816387,6.24283832969517,134.97845409791609,28-28,SOUTH WEST
Tamil Nadu,Coimbatore,83,46,67,Red Soil,Groundnut,10.234581385576549,59.97436390643302,34.286659496512584,8.38333410375389,196.59814548387246,10-26-26,SOUTH EAST
Tripura,Udaipur,95,24,32,Silty Soil,Rice,19.2091158231683,58.22522220104687,27.529481641821533,6.031166874789049,150.05269185889063,DAP,NORTH WEST
Kerala,Kozhikode,108,97,36,Alluvial Soil,Coffee,23.874524670674916,73.10159336223094,32.374068213758136,7.298962562442265,121.82769748523987,28-28,SOUTH EAST
Mizoram,Aizawl,101,60,76,Silty Soil,Maize,15.425006109811028,78.90283768485023,36.59447471867615,6.945185630486358,128.48598262796406,10-26-26,NORTH EAST
Tripura,Udaipur,50,22,111,Silty Soil,Rice,23.773526033759666,59.887469524207496,29.076194239897802,6.339012380653618,193.91751966650392,DAP,SOUTH EAST
Manipur,Churachandpur,57,49,91,Silty Soil,Rice,13.863349451951654,54.744622818614666,35.51292375809223,7.859479398610922,169.37176460422376,10-26-26,NORTH WEST
Meghalaya,Jowai,144,91,41,Silty Soil,Vegetables,23.214072786394865,58.11213047974637,27.34728778279231,8.405044840221926,142.62719898863614,28-28,SOUTH EAST
Chhattisgarh,Raipur,100,57,79,Red Soil,Pulses,19.915575930182122,83.92008911216664,28.84131290702201,4.9673360384486624,75.79742910157104,10-26-26,SOUTH WEST
Nagaland,Dimapur,121,46,110,Silty Soil,Maize,16.77358088429002,58.20517837430947,27.512445798307674,5.9362253686831,143.92414619509861,10-26-26,NORTH WEST
Bihar,Patna,122,38,74,Alluvial Soil,Rice,25.478125164476836,42.28952443185519,35.231452785528425,5.144542863432098,156.9975909007249,10-26-26,SOUTH EAST
Karnataka,Mysuru,97,45,41,Black Soil,Coffee,21.2722630342779,56.80892231496124,34.398887072615096,8.349933207108775,157.51755201396693,28-28,NORTH WEST
Gujarat,Surat,144,66,42,Black Soil,Sugarcane,29.770761779574954,45.64395000415364,30.13068457649281,4.70937699953019,90.83465791093931,28-28,SOUTH EAST
Jharkhand,Dhanbad,148,94,87,Alluvial Soil,Pulses,24.702777678323372,63.065955574975646,24.97707033668864,8.117932877992075,178.9380044590745,10-26-26,SOUTH EAST
Maharashtra,Pune,147,34,83,Black Soil,Soybean,14.901116867791117,47.96781282124797,32.17680307804844,7.597479534541543,192.73178199514797,10-26-26,NORTH EAST
Punjab,Jalandhar,120,55,95,Alluvial Soil,Wheat,27.83721682023668,56.643938164957056,31.31750879601975,6.432775783170445,60.857597847419754,10-26-26,NORTH WEST
Tripura,Agartala,127,40,81,Silty Soil,Rice,10.941646491503263,71.17992566745336,27.87430423234109,6.8184722577628785,143.37446059856325,10-26-26,NORTH WEST
Chhattisgarh,Durg,69,94,33,Red Soil,Pulses,20.226475036254612,48.10505774124209,30.17282026684402,5.864305773685812,166.6373519110624,28-28,NORTH WEST
Andhra Pradesh,Hyderabad,62,49,53,Red Soil,Rice,26.97901077923564,80.77154508187482,26.659083347885538,5.897269719286664,106.60236891826705,10-26-26,SOUTH WEST
Goa,Margao,75,94,119,Sandy Soil,Cashew,11.771938959837572,81.86914546097704,28.76606391557292,4.6461553710847525,128.2471986239749,10-26-26,NORTH WEST
Tripura,Agartala,133,64,118,Silty Soil,Rice,22.900065504589513,67.45290707767845,27.99832690060404,7.687068290446437,174.63332263980422,17-17-17,NORTH EAST
Mizoram,Lunglei,84,37,104,Silty Soil,Maize,16.922717053745046,69.44034622695409,28.435586726359034,5.391149945492645,67.87336296771068,10-26-26,SOUTH EAST
Manipur,Imphal,136,54,57,Silty Soil,Rice,21.31537399567418,41.07058959278806,27.352566919604186,6.208696248249124,57.99272989299441,10-26-26,SOUTH WEST
Gujarat,Ahmedabad,116,82,75,Black Soil,Sugarcane,17.335428834842123,43.26954236481642,32.404456694554185,7.688690465180177,164.2813156023033,10-26-26,NORTH WEST
Goa,Panaji,102,73,53,Sandy Soil,Cashew,23.337861037188482,47.01775183566161,35.56764275217108,5.00437402332372,139.59831667253695,10-26-26,NORTH WEST
West Bengal,Kolkata,91,54,36,Alluvial Soil,Tea,28.879299871212055,73.4010505451654,37.19305840212651,7.288207674457357,125.6936151992185,28-28,NORTH WEST
Goa,Panaji,125,74,90,Sandy Soil,Cashew,10.436904382777064,57.38994723109377,39.72730115625201,7.3518237802410376,110.41481667905215,10-26-26,NORTH EAST
Meghalaya,Tura,143,92,96,Silty Soil,Vegetables,10.480320948229057,62.48049160834022,34.407092214572955,7.890174174459542,133.21579228084585,17-17-17,SOUTH WEST
West Bengal,Durgapur,111,47,115,Alluvial Soil,Tea,29.730993181481438,72.65615575067982,33.40956553960159,4.608041434044575,143.76912001945922,10-26-26,SOUTH EAST
Bihar,Gaya,131,89,82,Alluvial Soil,Rice,22.96274610096906,58.618588336353,37.22013417774886,7.291879584912639,52.34434251940163,10-26-26,NORTH EAST
Punjab,Chandigarh,93,77,113,Alluvial Soil,Wheat,24.66297354281979,53.597395874892186,36.14809374892038,6.298278828997054,58.15830642836424,10-26-26,SOUTH EAST
Jharkhand,Ranchi,134,44,95,Alluvial Soil,Pulses,20.630033940209312,57.704253873574906,24.433806683863498,7.080496005280172,98.89280317415557,10-26-26,NORTH EAST
Haryana,Chandigarh,54,55,45,Alluvial Soil,Pulses,28.474037532804385,49.66306117458585,20.645240146919093,8.181111125103515,107.77442520455838,28-28,NORTH EAST
Karnataka,Bengaluru,66,30,73,Black Soil,Coffee,25.712681442328382,78.4965450439575,23.18706005515589,6.141397090434335,72.26184539311438,10-26-26,SOUTH EAST
Goa,Panaji,76,79,97,Sandy Soil,Cashew,22.158290971126807,70.1493875096859,20.112725634575725,6.918663100699506,77.91392398199794,10-26-26,SOUTH WEST
Madhya Pradesh,Gwalior,64,97,92,Black Soil,Wheat,26.595619343248256,68.75763370100553,21.685459556480318,4.632950501915909,75.46206859582516,10-26-26,SOUTH EAST
Bihar,Patna,91,90,48,Alluvial Soil,Rice,25.566639332242147,65.80848905426689,37.00536416038709,6.255654130964475,174.95123349223718,28-28,NORTH EAST
Tripura,Dharmanagar,137,88,69,Silty Soil,Rice,26.7327435874317,60.6884680165567,37.55132405441374,6.182020883552458,68.87922979685791,10-26-26,NORTH WEST
Mizoram,Champhai,84,21,91,Silty Soil,Maize,10.300988343650362,61.24198996178207,38.540844064003224,5.535754089136147,77.51716815271243,DAP,SOUTH WEST
Sikkim,Namchi,51,35,73,Silty Soil,Vegetables,15.900238506094428,43.53755264105948,24.145362159240758,4.587897643300696,191.37356819260424,10-26-26,NORTH EAST
Bihar,Gaya,52,23,93,Alluvial Soil,Rice,27.598517661218686,61.64324482517934,27.806805347733235,8.27746156378393,138.80838288316696,DAP,SOUTH EAST
West Bengal,Siliguri,112,71,105,Alluvial Soil,Tea,25.641721264938493,62.228564122107045,33.602526056750314,5.856529873763783,65.20111099219244,17-17-17,NORTH EAST
Bihar,Bhagalpur,65,56,93,Alluvial Soil,Rice,12.618016218405927,46.798950033442615,36.32562028121413,6.95996412570431,53.17372042607339,10-26-26,NORTH WEST
Himachal Pradesh,Dharamshala,96,65,43,Loamy Soil,Wheat,13.409233000172936,68.1152680284384,29.155209173884682,4.942517974604874,63.073133166673735,28-28,NORTH WEST
Punjab,Jalandhar,101,60,44,Alluvial Soil,Wheat,29.794924731274048,65.15011120156186,38.295138140576555,7.17284071162597,127.9190531003104,28-28,NORTH EAST
Andhra Pradesh,Hyderabad,129,55,39,Red Soil,Rice,13.646995525220571,76.16914109733307,32.23469212935072,6.107690905475659,109.61479327866346,28-28,SOUTH EAST
Maharashtra,Mumbai,126,83,66,Black Soil,Soybean,23.85252346571519,83.53490111580587,23.60526652123688,4.858368772798089,170.2046129756433,10-26-26,SOUTH WEST
Jharkhand,Ranchi,145,35,49,Alluvial Soil,Pulses,12.586693934131235,55.33953232383798,22.011409444027,7.2700682101410194,59.29097194860975,28-28,NORTH WEST
Chhattisgarh,Bilaspur,58,78,59,Red Soil,Pulses,20.47495559637323,54.46698698436409,20.176473819281675,6.7034708574713795,119.81568116093075,10-26-26,NORTH EAST
Kerala,Kochi,62,64,119,Alluvial Soil,Coffee,23.696473179762776,46.97275899393974,23.753304265718537,7.097097593583949,123.17094872500631,10-26-26,SOUTH WEST
Nagaland,Kohima,125,21,106,Silty Soil,Maize,12.234422509881203,48.70568744567098,25.51014204510644,4.917001240097745,81.3409494366662,DAP,NORTH WEST
Arunachal Pradesh,Pasighat,88,59,75,Silty Soil,Millets,21.234440909388244,63.69244844981573,26.411568679217442,6.740973888992258,57.733459347201325,10-26-26,SOUTH WEST
Rajasthan,Udaipur,55,65,75,Desert Soil,Wheat,17.413919547835384,66.89898036017226,34.188657552098334,7.013876108401549,107.57599697529878,10-26-26,NORTH WEST
Uttarakhand,Dehradun,52,49,66,Loamy Soil,Vegetables,29.038131582419627,58.927070943244914,38.21312241779462,6.287563923895727,196.1055548323032,10-26-26,SOUTH WEST
Telangana,Hyderabad,111,41,52,Black Soil,Maize,20.03897115693473,55.083740753937576,32.73480342461747,4.841218347494805,123.2817785144333,10-26-26,NORTH WEST
Andhra Pradesh,Visakhapatnam,125,96,85,Red Soil,Rice,11.459620195543646,44.22632508041718,25.71104455609342,7.817588915047576,123.2550691019074,10-26-26,NORTH WEST
Andhra Pradesh,Hyderabad,139,83,36,Red Soil,Rice,22.723333170102027,45.1716458790609,30.672570416737095,4.544057220606167,131.1266743975862,28-28,NORTH EAST
Manipur,Imphal,131,61,65,Silty Soil,Rice,24.301787686809607,80.07688663023316,39.05598289828511,5.758252711844971,56.65021242670807,10-26-26,NORTH WEST
Arunachal Pradesh,Tawang,86,58,71,Silty Soil,Millets,17.187155400560172,74.91348391986033,24.325173478900826,4.758130091842858,126.54377288425418,10-26-26,SOUTH WEST
Punjab,Chandigarh,118,23,61,Alluvial Soil,Wheat,29.516943774013615,83.7693479901491,24.50596236950448,6.516993050324459,70.31929362260277,DAP,NORTH WEST
Mizoram,Aizawl,112,81,46,Silty Soil,Maize,10.078444417450028,63.327088434156764,38.71135811692433,7.402253267334331,128.82331660280283,28-28,SOUTH WEST
Mizoram,Champhai,86,40,80,Silty Soil,Maize,21.492693023957514,58.29536204471117,26.680475180480496,4.714593252286208,82.56222079738035,10-26-26,NORTH WEST
Meghalaya,Shillong,58,52,108,Silty Soil,Vegetables,28.623236615091344,82.02515157731895,28.99389196068422,7.103087401316921,78.55022364855833,10-26-26,NORTH WEST
Chhattisgarh,Durg,147,60,42,Red Soil,Pulses,10.393525855893952,41.824916261238805,27.69637058189935,5.427793577123445,143.16371028429654,28-28,SOUTH EAST
Jharkhand,Jamshedpur,53,41,54,Alluvial Soil,Pulses,24.609329145909804,61.00486326378483,22.223519145716402,5.73947753690614,51.95470362295771,10-26-26,NORTH WEST
Haryana,Chandigarh,56,63,86,Alluvial Soil,Pulses,16.691312390177586,73.10233602655669,37.819077917595635,7.254446148673341,81.52366628088956,10-26-26,SOUTH EAST
Odisha,Cuttack,71,47,75,Alluvial Soil,Rice,19.12811509210415,56.14850439869497,35.672557759947175,8.182166878198556,141.85550302833127,10-26-26,NORTH WEST
Andhra Pradesh,Vijayawada,90,97,87,Red Soil,Rice,14.400880229743034,58.11863868086131,23.43758064536024,6.427413718400312,62.11627488592693,10-26-26,NORTH EAST
Maharashtra,Mumbai,101,23,36,Black Soil,Soybean,12.482325806851273,50.186911785211485,22.61374501744874,4.731056053353491,122.19486921295483,DAP,NORTH WEST
Maharashtra,Pune,87,88,43,Black Soil,Soybean,21.994255673480684,51.038661263823414,29.278144737808702,4.54264956674728,142.20226207445324,28-28,NORTH WEST
Tripura,Dharmanagar,137,50,102,Silty Soil,Rice,27.327737015311282,59.785790914590144,35.349408482650794,6.531228405639059,92.56945260660777,10-26-26,NORTH EAST
Madhya Pradesh,Bhopal,78,43,63,Black Soil,Wheat,17.831094883996958,47.588298160505644,27.580543562531,4.6153318850983815,154.48629296654974,10-26-26,NORTH WEST
Meghalaya,Jowai,129,51,102,Silty Soil,Vegetables,16.49034344631046,82.9273524660993,22.514178550173177,8.074309332074886,182.76982198298614,10-26-26,SOUTH EAST
Himachal Pradesh,Dharamshala,80,91,73,Loamy Soil,Wheat,21.951394444749745,60.546011655788455,23.342895718709666,5.043668545376827,80.39856787714555,10-26-26,SOUTH EAST
Odisha,Cuttack,73,36,96,Alluvial Soil,Rice,28.386317854455537,68.87686518318998,23.809609726248247,5.841398146891029,135.81760534809342,10-26-26,NORTH EAST
Assam,Guwahati,80,48,107,Alluvial Soil,Jute,27.78739480397033,52.73936585947607,39.94667060627752,8.481012767069895,105.5109133240727,10-26-26,NORTH EAST
Sikkim,Gangtok,139,89,92,Silty Soil,Vegetables,17.7860581950066,89.69704003570236,20.412239673598105,6.762391709991356,97.27570090355773,17-17-17,NORTH WEST
Assam,Dibrugarh,139,74,49,Alluvial Soil,Jute,23.48121676519144,80.93998400638031,20.889271495875118,5.764736116922565,195.9349828618302,28-28,SOUTH WEST
Chhattisgarh,Raipur,112,34,65,Red Soil,Pulses,26.89727670442106,72.6335751910458,30.190735037145814,4.808863618681349,78.7123679727747,10-26-26,NORTH EAST
Karnataka,Bengaluru,59,47,67,Black Soil,Coffee,26.0918135537165,50.57211615807962,32.32391470961568,4.672368579445234,128.9304297844166,10-26-26,SOUTH WEST
Tripura,Udaipur,139,53,49,Silty Soil,Rice,15.567064237133835,73.1391754105695,39.03405919310034,5.883844272695365,168.30559754940867,28-28,NORTH WEST
Kerala,Kozhikode,77,82,63,Alluvial Soil,Coffee,15.993672868950632,89.70974139212146,38.375716741551614,7.047595169211332,133.29690142496707,10-26-26,SOUTH EAST
West Bengal,Siliguri,127,58,118,Alluvial Soil,Tea,22.176150006208573,55.01679439752044,38.15712392954282,4.517977605730012,164.93983966263852,10-26-26,NORTH EAST
Sikkim,Namchi,136,71,104,Silty Soil,Vegetables,15.67874357075909,62.63619578910098,32.918004060117,4.865295587453051,162.29239027956572,17-17-17,SOUTH WEST
Telangana,Karimnagar,108,97,50,Black Soil,Maize,21.24879458406353,76.46947481367135,21.61528589417444,7.379531923659499,121.50198827372405,10-26-26,SOUTH EAST
Jharkhand,Ranchi,70,49,50,Alluvial Soil,Pulses,27.478623131443378,81.64793697173877,34.896253354844305,5.889466568607016,102.14405463049144,10-26-26,NORTH EAST
Odisha,Rourkela,148,95,51,Alluvial Soil,Rice,22.778503140718808,79.94129169668362,30.246460789171472,6.401728135839906,125.39813821889129,10-26-26,SOUTH EAST
Jharkhand,Jamshedpur,54,42,78,Alluvial Soil,Pulses,28.057729545355297,85.53070241645597,32.06255368686831,5.549652722985536,58.762968093947,10-26-26,SOUTH WEST
Tripura,Agartala,88,93,56,Silty Soil,Rice,27.905761939762563,53.35584302871125,36.96067956966675,6.690425884676449,137.37322826403903,10-26-26,SOUTH EAST
Karnataka,Mysuru,116,77,59,Black Soil,Coffee,14.10825277444399,62.77949929118158,24.824993477244202,7.823583738852243,69.60617805524411,10-26-26,NORTH WEST
Rajasthan,Jodhpur,140,99,82,Desert Soil,Wheat,15.794859252846729,41.76989175988801,34.27913376836064,6.423900235046914,61.05341609044988,10-26-26,SOUTH WEST
Bihar,Gaya,112,76,95,Alluvial Soil,Rice,29.926698409573913,58.20482487932042,39.22942390950993,7.817568027336044,62.056038574176945,17-17-17,SOUTH WEST
West Bengal,Siliguri,82,86,52,Alluvial Soil,Tea,11.396908543878085,62.79923361201824,22.94200989918054,7.806824798214798,65.93759613644819,10-26-26,SOUTH WEST
Uttarakhand,Dehradun,121,89,44,Loamy Soil,Vegetables,19.792673128289266,61.12639125281662,24.32609888753726,6.359242594031992,61.76958604712654,28-28,SOUTH WEST
Kerala,Kochi,101,82,30,Alluvial Soil,Coffee,21.798640737558916,54.846213403910724,21.626788842822542,8.072301632072012,172.1883779350818,28-28,SOUTH WEST
Mizoram,Aizawl,105,68,112,Silty Soil,Maize,10.272910474055298,65.10129928465209,25.724916545756678,7.672360425825724,131.13581523603142,17-17-17,NORTH EAST
Haryana,Faridabad,75,73,50,Alluvial Soil,Pulses,26.163661645509833,53.37524635950814,30.402448339786403,8.391117705174649,160.78352990919797,10-26-26,SOUTH EAST
Gujarat,Surat,98,25,49,Black Soil,Sugarcane,21.79605482794544,72.63716106666776,23.346184387924446,8.394568172081987,118.11808830612452,DAP,NORTH EAST
Rajasthan,Jodhpur,109,45,53,Desert Soil,Wheat,16.30137051565171,67.70986408241754,27.664029929248002,8.152952760696788,165.59847319436187,10-26-26,SOUTH WEST
Rajasthan,Jodhpur,115,90,109,Desert Soil,Wheat,19.374866795843502,85.49406904179291,27.29645878471717,4.957625841639518,55.53313651216358,17-17-17,SOUTH WEST
Madhya Pradesh,Gwalior,121,67,100,Black Soil,Wheat,23.693065874284866,85.01058833535535,38.7856172279335,8.113453065144576,81.78449223545009,17-17-17,NORTH WEST
Tamil Nadu,Madurai,138,97,100,Red Soil,Groundnut,29.44490916346748,61.6907216414601,39.52530612101258,4.621761348429381,88.54632142277134,17-17-17,SOUTH WEST
Madhya Pradesh,Gwalior,61,67,76,Black Soil,Wheat,20.41012139608377,64.13554532755094,29.889173070510246,6.973211184074905,128.17880414119404,10-26-26,SOUTH EAST
Punjab,Chandigarh,124,26,44,Alluvial Soil,Wheat,18.702048391328063,72.44284372505467,23.983437305574625,6.63639106368651,147.6086513122895,DAP,SOUTH WEST
Nagaland,Wokha,102,39,39,Silty Soil,Maize,17.59193004265436,68.42372739022015,32.60361033548846,6.0643422433471335,188.04136646545928,28-28,SOUTH WEST
Uttar Pradesh,Agra,69,90,53,Alluvial Soil,Sugarcane,13.282915682869895,84.68203955877875,24.184390050972148,6.29525957848311,139.33387357323656,10-26-26,NORTH EAST
Sikkim,Pelling,127,25,75,Silty Soil,Vegetables,28.97789424700742,41.322910986303434,28.48903759166982,7.3960112202939445,180.44787261896607,DAP,SOUTH EAST
Goa,Margao,51,84,56,Sandy Soil,Cashew,16.16627394217678,62.81752420710646,28.603714023225827,6.742452298710896,174.22987459501246,10-26-26,NORTH EAST
Haryana,Gurgaon,64,36,75,Alluvial Soil,Pulses,13.865011416237623,81.64342053470432,29.893299953945053,8.154718814729607,118.90872683533546,10-26-26,NORTH EAST
Rajasthan,Udaipur,67,58,66,Desert Soil,Wheat,15.615445090629995,59.340840038759815,36.43587527758794,6.214619952025339,89.34221250411707,10-26-26,NORTH WEST
Madhya Pradesh,Bhopal,136,65,102,Black Soil,Wheat,14.098687334999461,67.92481893594612,38.22234300421138,7.257736775128601,64.88771037675244,17-17-17,SOUTH EAST
Uttarakhand,Nainital,75,83,74,Loamy Soil,Vegetables,25.327298714350974,73.38662165033335,22.70508354438817,5.696944930981101,178.16738041692454,10-26-26,NORTH EAST
Andhra Pradesh,Visakhapatnam,147,22,100,Red Soil,Rice,21.727684237279526,41.6398351542917,24.521283327503426,6.656347308233988,63.48704049363889,DAP,NORTH EAST
Punjab,Chandigarh,90,52,92,Alluvial Soil,Wheat,23.54385329224361,51.30847069981941,24.40617254977802,6.89104051244632,179.3266708780473,10-26-26,SOUTH WEST
Assam,Guwahati,78,21,58,Alluvial Soil,Jute,14.912085779465961,88.598013869254,26.991374035029544,7.388400372620486,149.03547531954024,DAP,NORTH WEST
Maharashtra,Nagpur,56,92,89,Black Soil,Soybean,22.986938647943234,82.90170884733911,39.38343821003163,4.916334169349411,140.74821594626377,10-26-26,SOUTH EAST
Uttarakhand,Nainital,148,49,54,Loamy Soil,Vegetables,12.938485476090731,68.73356610248544,39.08748528274605,5.079465607976296,190.59447821825623,10-26-26,NORTH EAST
Punjab,Amritsar,118,73,99,Alluvial Soil,Wheat,15.863397832688566,70.9527993608637,27.318600272247966,4.938013029285653,56.667715033801215,17-17-17,SOUTH EAST
Manipur,Thoubal,139,44,68,Silty Soil,Rice,28.846896109847677,43.07712226801939,24.04518595955909,7.4932198416214595,136.40356195713713,10-26-26,SOUTH WEST
Maharashtra,Mumbai,91,91,44,Black Soil,Soybean,21.59538807413505,68.1944747166908,21.670051783659787,6.682660478447714,95.61903123525195,28-28,NORTH EAST
Uttar Pradesh,Agra,149,67,103,Alluvial Soil,Sugarcane,22.870028221239565,52.532598650084665,33.287611266948325,6.870933562565467,178.7531547481283,17-17-17,SOUTH EAST
Sikkim,Namchi,142,63,119,Silty Soil,Vegetables,27.226695260352724,57.16269967989805,38.526227637427596,8.15402152256358,70.79981023808267,17-17-17,NORTH WEST
Arunachal Pradesh,Itanagar,137,86,58,Silty Soil,Millets,11.268145647270536,71.34655136504925,21.027448905178506,6.518602610200084,109.71898275241037,10-26-26,SOUTH WEST
West Bengal,Siliguri,84,85,66,Alluvial Soil,Tea,27.64418051260401,80.51196796260075,34.97458282475688,6.001707820044168,66.48912530437774,10-26-26,SOUTH EAST
Meghalaya,Shillong,134,59,81,Silty Soil,Vegetables,24.657066703723203,54.837070845566416,29.369246071233107,6.175520376210992,124.86411089542509,10-26-26,SOUTH EAST
Madhya Pradesh,Bhopal,103,37,31,Black Soil,Wheat,12.249773420325932,68.26666435115695,36.517015137804705,6.703334963645942,83.8540065081011,28-28,SOUTH WEST
Assam,Silchar,99,30,43,Alluvial Soil,Jute,26.281419321201234,53.718621351581945,22.56261769968145,6.3788691342694115,53.457291091874886,28-28,SOUTH EAST
Odisha,Cuttack,129,35,45,Alluvial Soil,Rice,13.938823122500377,72.00543582342505,24.39325640066292,5.100478217067922,181.160382049285,28-28,SOUTH EAST
Karnataka,Mysuru,141,54,103,Black Soil,Coffee,16.309899817925416,65.3562606789511,28.273858751369474,4.7796889064963555,131.50240442638258,10-26-26,SOUTH WEST
Meghalaya,Shillong,140,28,89,Silty Soil,Vegetables,24.245518733508153,82.5647890660461,26.854686438902068,6.5719108228347105,182.75887812587456,DAP,NORTH WEST
Uttarakhand,Dehradun,118,66,93,Loamy Soil,Vegetables,10.091950477121499,88.13289398001473,24.21968514666807,7.094069694573237,122.0421783454528,17-17-17,SOUTH EAST
Mizoram,Aizawl,51,97,33,Silty Soil,Maize,10.358610189368079,49.91307666284646,29.432023238839584,6.404373052446566,197.09925345152288,28-28,SOUTH WEST
Haryana,Gurgaon,126,33,92,Alluvial Soil,Pulses,24.230357251117717,48.90240974499274,35.63923613008103,8.062777301502905,173.47709840961053,10-26-26,SOUTH EAST
Gujarat,Ahmedabad,104,70,96,Black Soil,Sugarcane,22.39093899565781,89.443522863081,29.274612099020658,6.027516926015223,109.5347744697796,17-17-17,SOUTH WEST
Manipur,Imphal,124,23,79,Silty Soil,Rice,18.893255802688504,78.13129357789246,32.49133894301098,6.211973472569917,64.98098373311859,DAP,NORTH WEST
Punjab,Jalandhar,65,65,63,Alluvial Soil,Wheat,26.471953410756864,81.69811896565899,29.168447189119775,5.206389159176378,50.90142253915514,10-26-26,NORTH WEST
Himachal Pradesh,Shimla,64,96,87,Loamy Soil,Wheat,23.67035604220157,70.18790828533564,26.842938488119984,7.78943077535625,196.5985215685106,10-26-26,SOUTH EAST
Arunachal Pradesh,Itanagar,145,73,35,Silty Soil,Millets,26.026097647470714,66.85905604854854,31.128026824373862,8.130383414772389,162.13783656711362,28-28,NORTH EAST
Goa,Vasco da Gama,119,28,66,Sandy Soil,Cashew,10.330451545863985,89.21499486740724,27.279267086628558,6.823555721915376,73.20974751628137,DAP,SOUTH EAST
Karnataka,Mysuru,104,37,72,Black Soil,Coffee,15.718832251593808,77.89544465297817,27.030597866222834,5.524091463701854,58.275684569841715,10-26-26,SOUTH EAST
Himachal Pradesh,Dharamshala,142,53,63,Loamy Soil,Wheat,26.897022586042475,89.9969203937282,36.62581239008651,7.038534928392198,142.51186676618764,10-26-26,SOUTH EAST
Uttarakhand,Haridwar,78,76,57,Loamy Soil,Vegetables,11.219163451247622,81.8996483129525,26.661418644717543,6.056440869716008,127.66613704996644,10-26-26,SOUTH WEST
Maharashtra,Mumbai,123,51,61,Black Soil,Soybean,23.698700761151912,67.52736761556177,37.6976085142566,6.04771221132078,121.3364663846718,10-26-26,SOUTH WEST
Assam,Silchar,64,74,47,Alluvial Soil,Jute,25.223370720614113,53.120149906078105,26.98056005672799,7.526295157516783,130.88372411680754,28-28,NORTH WEST
Meghalaya,Shillong,113,33,87,Silty Soil,Vegetables,13.70696670822461,85.76453764508038,33.99484317841262,6.060309113061399,151.6043420225305,10-26-26,NORTH WEST
Arunachal Pradesh,Itanagar,65,67,90,Silty Soil,Millets,23.575569430045782,72.21155252294803,26.862180401472866,7.518656451288879,134.36384472469285,10-26-26,NORTH EAST
Andhra Pradesh,Hyderabad,126,73,111,Red Soil,Rice,24.32674322864255,70.22562837666048,20.203953318200888,6.600203887040767,117.21857104374986,17-17-17,NORTH WEST
Tripura,Agartala,146,67,31,Silty Soil,Rice,14.826116334510386,74.00255625312775,26.355666512807296,6.0822188081697,102.02913716741702,28-28,SOUTH WEST
Bihar,Patna,136,92,115,Alluvial Soil,Rice,27.576211956905844,46.46581615001184,32.738073467793015,7.158316449786655,64.93353296154457,17-17-17,SOUTH WEST
Uttar Pradesh,Agra,141,77,113,Alluvial Soil,Sugarcane,27.357516319026587,63.74919729905989,24.61527326903755,7.845300031327033,114.09948788954557,17-17-17,NORTH WEST
Manipur,Churachandpur,121,95,45,Silty Soil,Rice,13.378464273453803,48.93558647391432,23.72203848459248,8.18441465276235,101.70730065734735,28-28,NORTH EAST
Tripura,Udaipur,93,59,56,Silty Soil,Rice,22.9905900238221,59.957844528720926,25.821156846446883,6.286163329236766,60.0048109072026,10-26-26,SOUTH EAST
Uttarakhand,Haridwar,138,66,95,Loamy Soil,Vegetables,23.321468933512474,46.78461531112622,29.80851156817613,5.230244360738993,64.94878236431579,17-17-17,SOUTH WEST
Telangana,Karimnagar,87,37,97,Black Soil,Maize,11.760463895872855,77.55979066851769,22.83324515946229,8.413052558266585,97.53790949943752,10-26-26,NORTH WEST
Rajasthan,Jaipur,124,55,81,Desert Soil,Wheat,26.99336676994008,83.95760844061564,32.02430364033801,8.099956849994182,164.04470031405356,10-26-26,NORTH EAST
Chhattisgarh,Raipur,130,53,62,Red Soil,Pulses,13.942588067621308,57.106093119245216,22.001960560557038,7.662853814611697,104.7943516699175,10-26-26,SOUTH EAST
Jharkhand,Dhanbad,54,64,113,Alluvial Soil,Pulses,17.554010204206072,49.66539148204685,38.78722789603172,7.903415313195371,113.70991639119094,10-26-26,NORTH EAST
Kerala,Kochi,63,46,112,Alluvial Soil,Coffee,13.906161919076471,56.420087495790014,32.97918596550666,7.988081244559359,134.59359020217642,10-26-26,SOUTH EAST
Chhattisgarh,Durg,143,52,49,Red Soil,Pulses,11.997548531253342,65.14686507512822,25.202792905351693,8.428806669090108,122.248605492019,28-28,SOUTH EAST
Arunachal Pradesh,Itanagar,145,80,111,Silty Soil,Millets,13.053731918601763,54.22878257829139,30.1211711100429,6.523894470661457,129.95452819064923,17-17-17,NORTH EAST
Tamil Nadu,Chennai,98,47,91,Red Soil,Groundnut,17.381215764232415,52.536091849288965,30.29646449965079,7.237064384497247,50.44023740555622,10-26-26,SOUTH WEST
Meghalaya,Jowai,102,21,73,Silty Soil,Vegetables,16.039023589274848,84.2889341648699,28.257295750671574,6.574233853058372,120.28071744892759,DAP,NORTH EAST
Tripura,Agartala,52,76,45,Silty Soil,Rice,16.965849482911715,50.06998888801245,20.014545033513905,5.44348757037979,50.8925869702922,28-28,NORTH EAST
Andhra Pradesh,Visakhapatnam,89,54,64,Red Soil,Rice,21.26574158798219,44.42808061989167,34.63341705750737,6.367844441758686,91.6961571015069,10-26-26,SOUTH WEST
Goa,Vasco da Gama,106,22,75,Sandy Soil,Cashew,18.976744923052102,78.8169949622733,23.94019601066851,4.562803683615121,187.1778305781716,DAP,NORTH EAST
Assam,Dibrugarh,102,55,87,Alluvial Soil,Jute,25.889316135871315,55.00796099951973,31.82104017176509,6.054336606058978,160.60295269792235,10-26-26,NORTH WEST
Kerala,Thiruvananthapuram,59,27,89,Alluvial Soil,Coffee,29.40455094010533,51.9133890835919,23.667453790440124,7.850808370580101,62.891721693381726,DAP,NORTH EAST
Mizoram,Lunglei,136,32,54,Silty Soil,Maize,23.903241095680748,42.90999552077532,28.713817808450706,6.308779475458954,58.1586531305403,10-26-26,NORTH WEST
Mizoram,Lunglei,102,67,59,Silty Soil,Maize,10.859756916421325,74.87847682670298,36.49993296636395,7.359713377293986,136.27509737853285,10-26-26,NORTH EAST
Mizoram,Lunglei,76,37,109,Silty Soil,Maize,26.27527777448833,47.87855964263734,27.048398417541854,6.261000605015871,142.62148006060028,10-26-26,SOUTH WEST
Andhra Pradesh,Hyderabad,67,77,45,Red Soil,Rice,21.957841476347866,84.28046802034626,25.764970447922842,7.97795382919488,149.58905930745186,28-28,NORTH EAST
Assam,Silchar,93,97,42,Alluvial Soil,Jute,21.538941395543546,70.77262226848808,35.017768516645404,8.404917061967634,127.13337948267264,28-28,SOUTH EAST
Uttar Pradesh,Lucknow,118,65,64,Alluvial Soil,Sugarcane,18.573043146736797,40.17180450564485,28.30019306523564,5.690809690484725,190.310879534268,10-26-26,NORTH WEST
Sikkim,Namchi,50,29,74,Silty Soil,Vegetables,19.797507213980055,79.59670208486354,31.6135757666481,8.187424472044675,80.02091360238984,DAP,SOUTH EAST
Andhra Pradesh,Hyderabad,135,73,83,Red Soil,Rice,13.35878944689411,70.12483318451643,39.40790871860834,5.8882741418032705,109.54941633837551,10-26-26,NORTH WEST
Punjab,Chandigarh,96,43,90,Alluvial Soil,Wheat,24.575859095426967,41.258139054908476,37.59268974521265,6.974308011516962,127.04922889053263,10-26-26,SOUTH EAST
Sikkim,Gangtok,54,36,44,Silty Soil,Vegetables,16.285909375017127,81.17540936812507,20.84534166322725,6.799090380691236,163.2353101991362,28-28,NORTH WEST
Bihar,Gaya,121,25,84,Alluvial Soil,Rice,16.289131195216846,80.25745079635752,20.97757615941076,4.8309242005866295,189.52491017309129,DAP,SOUTH WEST
Jharkhand,Jamshedpur,121,96,47,Alluvial Soil,Pulses,28.581656667641962,76.64161127775387,20.682340707068516,4.640091401195898,196.9709902064185,28-28,NORTH WEST
Mizoram,Aizawl,70,82,97,Silty Soil,Maize,15.52899777422021,81.81893565519415,35.738819501052106,4.820193832982595,133.58844975805522,10-26-26,SOUTH EAST
Uttarakhand,Haridwar,70,79,119,Loamy Soil,Vegetables,15.10703690671402,79.38029931355175,39.81796668754437,5.274509307483488,115.85489465961545,10-26-26,SOUTH EAST
Goa,Margao,97,80,68,Sandy Soil,Cashew,29.265252967834517,47.28147667650429,28.087156634604884,8.471581095584966,183.85777223806267,10-26-26,SOUTH EAST
Punjab,Chandigarh,82,75,96,Alluvial Soil,Wheat,24.531220328995232,48.32457078827118,31.55564312493327,5.847310567007256,127.90433340871338,10-26-26,SOUTH WEST
Uttarakhand,Haridwar,136,78,37,Loamy Soil,Vegetables,11.530107381312483,54.35539534526648,24.192276687193466,8.455117139604148,116.78880453257136,28-28,SOUTH WEST
Arunachal Pradesh,Pasighat,67,74,68,Silty Soil,Millets,10.87372184244941,55.334547287199605,31.502101125099934,5.332788140497825,181.0524568763683,10-26-26,NORTH WEST
Uttarakhand,Dehradun,127,24,33,Loamy Soil,Vegetables,19.579800086911234,74.44282247995847,30.541402429147603,5.186660146357054,183.15466749009664,DAP,NORTH WEST
Kerala,Kozhikode,103,51,75,Alluvial Soil,Coffee,10.625634188870894,84.91876030074496,35.52087511506164,8.002031712163141,151.49038601846974,10-26-26,SOUTH WEST
Madhya Pradesh,Bhopal,104,42,48,Black Soil,Wheat,10.076560178539625,81.67005158209068,25.09196461427308,6.506113035612456,58.03638572295009,28-28,SOUTH WEST
Arunachal Pradesh,Itanagar,96,50,46,Silty Soil,Millets,13.745027320102011,72.14333349551507,35.0319931919408,6.242187675771853,83.99827205852014,28-28,SOUTH WEST
Andhra Pradesh,Vijayawada,61,52,59,Red Soil,Rice,14.443987996871503,75.65246992470114,21.21310545762373,8.380363044314619,119.19088450628044,10-26-26,NORTH WEST
Jharkhand,Jamshedpur,128,78,112,Alluvial Soil,Pulses,28.45696224267726,75.09327265097463,35.18055083768924,7.259492584058337,111.92697171823491,17-17-17,SOUTH WEST
Assam,Dibrugarh,75,38,78,Alluvial Soil,Jute,20.900345493712408,78.83280243268861,21.533549896526228,8.023072739123556,116.91616169788435,10-26-26,SOUTH WEST
Goa,Vasco da Gama,99,41,45,Sandy Soil,Cashew,17.787761174744052,80.25140820851968,32.67695723616646,8.268637715283273,111.8874177593111,28-28,NORTH EAST
Kerala,Kozhikode,117,52,71,Alluvial Soil,Coffee,16.803388952348463,78.21014138120736,27.826620669299903,6.179634725800289,129.42096319662988,10-26-26,SOUTH EAST
Arunachal Pradesh,Tawang,120,63,51,Silty Soil,Millets,26.592716553423354,65.04627146563956,20.28796797480326,5.459841950461936,76.27496057515694,10-26-26,NORTH EAST
Haryana,Faridabad,129,52,79,Alluvial Soil,Pulses,15.466086738553093,60.7035040124119,32.88802102293385,8.264160117883115,128.49123625118372,10-26-26,SOUTH EAST
Kerala,Kozhikode,72,46,54,Alluvial Soil,Coffee,13.59804788783995,55.91373579431281,24.048492009085834,6.728650230651798,147.65574553257596,10-26-26,NORTH WEST
Uttarakhand,Nainital,122,68,62,Loamy Soil,Vegetables,29.875450542914564,87.22103675785286,25.629995014001583,6.730683935562709,167.9589012603538,10-26-26,NORTH WEST
Himachal Pradesh,Dharamshala,90,22,50,Loamy Soil,Wheat,12.141070884490453,46.83709369256149,25.97898521536964,7.730553155694142,65.99248680427448,DAP,SOUTH WEST
West Bengal,Durgapur,124,85,102,Alluvial Soil,Tea,12.49410648626135,87.15170727215462,24.44222682367443,6.982698530525426,132.37382584270875,17-17-17,NORTH EAST
Tripura,Udaipur,91,44,116,Silty Soil,Rice,11.598507655655387,82.23092746492932,20.87337802861,7.270070525857475,134.20007200738053,10-26-26,SOUTH WEST
Jharkhand,Jamshedpur,97,50,31,Alluvial Soil,Pulses,28.0188469274673,45.785244593558254,38.136514152401595,6.3199587146024,109.24449145532157,28-28,NORTH EAST
Tamil Nadu,Coimbatore,80,48,114,Red Soil,Groundnut,26.409390412528374,77.13355319985864,30.225256804679944,7.936008236284353,81.47210674935997,10-26-26,NORTH WEST
Bihar,Patna,51,40,107,Alluvial Soil,Rice,17.05001557622377,62.617719140834026,27.34810999625928,5.62875531996648,147.86559673083684,10-26-26,NORTH EAST
Maharashtra,Pune,64,32,90,Black Soil,Soybean,28.3951391657239,74.07674056286967,32.5554170871373,6.088776079963549,123.44325762343067,10-26-26,SOUTH EAST
Himachal Pradesh,Shimla,60,82,107,Loamy Soil,Wheat,15.390930828693111,69.24182518365957,26.989448347160817,8.069101897016273,183.3965724072764,10-26-26,NORTH EAST
Odisha,Bhubaneswar,61,74,55,Alluvial Soil,Rice,19.620669653163894,55.73869070462048,24.06426535762517,8.417222324099308,196.96492556094077,10-26-26,NORTH WEST
Tamil Nadu,Madurai,112,80,101,Red Soil,Groundnut,27.606376361247122,81.55592409075666,24.24789320403354,5.383008484636692,169.72575428082155,17-17-17,NORTH EAST
Jharkhand,Jamshedpur,63,40,86,Alluvial Soil,Pulses,26.162131514972664,44.80869968581053,25.429651680417905,6.755683268667748,193.4584555271737,10-26-26,NORTH WEST
Haryana,Faridabad,116,96,65,Alluvial Soil,Pulses,22.19309155406451,53.59993106427743,35.15323211969107,5.195737925319678,187.235058223279,10-26-26,SOUTH EAST
Manipur,Imphal,59,42,86,Silty Soil,Rice,17.334373999873048,47.94598866008603,28.92700010890654,7.219429428932882,188.14753105253723,10-26-26,SOUTH EAST
Meghalaya,Tura,138,98,47,Silty Soil,Vegetables,17.388239326748725,82.91990262497569,27.392905646917356,6.335677726819374,142.99811283875698,28-28,NORTH WEST
Sikkim,Namchi,123,31,97,Silty Soil,Vegetables,17.430519361386274,40.03886940511625,33.50746001787513,4.928835251155384,183.98719561829785,10-26-26,NORTH EAST
Manipur,Imphal,52,78,45,Silty Soil,Rice,24.22856024856359,73.98854815797921,29.066992124916528,5.1183990921678255,189.6210518548918,28-28,NORTH EAST
Goa,Vasco da Gama,68,27,99,Sandy Soil,Cashew,11.714108296986543,68.57757211868513,36.681231164994685,4.895120528184194,120.18557495388458,DAP,SOUTH WEST
Odisha,Cuttack,81,40,65,Alluvial Soil,Rice,12.851213244199311,58.62470356898267,29.60476759044839,8.40123014383154,127.38995404392176,10-26-26,NORTH WEST
Bihar,Patna,70,78,106,Alluvial Soil,Rice,23.545587877975436,53.72275147509616,28.89246792484431,6.363483164055383,191.98555209607403,10-26-26,NORTH WEST
Odisha,Bhubaneswar,129,31,80,Alluvial Soil,Rice,23.99258376489543,83.83611627665229,31.568747011872233,8.039106695203783,188.38211141777305,10-26-26,NORTH EAST
Uttarakhand,Haridwar,96,63,78,Loamy Soil,Vegetables,12.11446100079954,68.24012864146391,33.24629786547019,8.446515592149726,166.37060708053622,10-26-26,NORTH WEST
Goa,Panaji,148,77,88,Sandy Soil,Cashew,19.848570006805282,58.523661263482616,31.070048494574138,8.313174058346343,146.82858651995028,10-26-26,SOUTH WEST
Mizoram,Champhai,76,69,64,Silty Soil,Maize,12.33065887139272,40.98877818256753,29.963591438345688,5.664683972747174,62.71710215413145,10-26-26,NORTH WEST
Nagaland,Kohima,79,45,113,Silty Soil,Maize,26.661943330104627,81.08797557299965,25.957603390982797,5.501576571883452,95.63892855247528,10-26-26,NORTH WEST
Sikkim,Namchi,119,64,67,Silty Soil,Vegetables,21.568698123535835,42.55459774016426,20.919230477767204,8.107930134615074,54.786314295748475,10-26-26,NORTH EAST
Uttarakhand,Nainital,120,40,78,Loamy Soil,Vegetables,29.50605090659418,43.18840414823637,31.81051208000313,6.903262485094606,189.81236353931942,10-26-26,NORTH WEST
Odisha,Rourkela,98,60,119,Alluvial Soil,Rice,19.12038751026625,84.55323146711422,28.658501931030507,7.486471895104756,154.14161951818556,10-26-26,NORTH EAST
Manipur,Thoubal,116,93,116,Silty Soil,Rice,16.332499234962988,76.97228185844247,28.68207651610165,7.9883414321462425,176.57779907757183,17-17-17,SOUTH WEST
Sikkim,Namchi,111,50,46,Silty Soil,Vegetables,25.158362358437813,44.11969711349321,38.70596893018482,6.862989070859353,68.5833123624008,28-28,NORTH WEST
Tamil Nadu,Chennai,142,38,76,Red Soil,Groundnut,20.518993157881624,46.41427630719838,27.141361069166685,5.265461540338958,170.63614812554994,10-26-26,NORTH EAST
Sikkim,Namchi,68,66,113,Silty Soil,Vegetables,19.86387055459348,74.55533537558932,21.41205770774067,6.0753804467802155,109.19360679624273,10-26-26,SOUTH WEST
Arunachal Pradesh,Pasighat,137,43,71,Silty Soil,Millets,16.991487771063795,53.597907799981854,38.6761776353174,6.554562314240631,122.94728022832456,10-26-26,NORTH WEST
Gujarat,Ahmedabad,128,70,37,Black Soil,Sugarcane,17.81940269528238,44.687952258901696,37.20941804875491,8.054767413396583,174.08756607351808,28-28,NORTH EAST
Madhya Pradesh,Gwalior,114,94,116,Black Soil,Wheat,12.586414015189805,76.3768579357596,25.99923392479602,5.749323926640353,187.37607725844276,17-17-17,NORTH WEST
Mizoram,Champhai,135,62,119,Silty Soil,Maize,23.144841353009667,63.929668786631105,23.399055322773854,7.6234501104855905,162.37453105163354,17-17-17,NORTH WEST
Assam,Guwahati,77,60,104,Alluvial Soil,Jute,12.305113751426049,50.00029209159048,37.747545104968275,5.376267957304567,160.69864058288374,10-26-26,NORTH EAST
Goa,Panaji,101,22,41,Sandy Soil,Cashew,21.928452107914957,77.9550284513513,22.73167953162032,6.617630417981872,94.79105674885184,DAP,NORTH WEST
Nagaland,Kohima,102,50,97,Silty Soil,Maize,21.73876576077117,74.24261172374523,22.204758113809525,7.66512948963569,51.51992473069386,10-26-26,NORTH WEST
Meghalaya,Shillong,66,33,105,Silty Soil,Vegetables,15.75812179862689,70.22903691953724,38.648189081254216,6.830714780294441,188.0731846043585,10-26-26,SOUTH EAST
Maharashtra,Mumbai,61,95,52,Black Soil,Soybean,21.080187695280777,46.10629755794492,30.3192805861723,5.2886116948871615,157.7013061465634,10-26-26,SOUTH EAST
Sikkim,Pelling,55,83,119,Silty Soil,Vegetables,24.637161760165903,49.69612431259894,26.612051830777688,6.825166974696051,99.46523899820673,10-26-26,SOUTH WEST
Manipur,Thoubal,127,52,49,Silty Soil,Rice,26.577538022539766,44.736050759281355,22.95473034898761,5.197483887441075,94.96136452447803,28-28,SOUTH EAST
Haryana,Chandigarh,119,92,102,Alluvial Soil,Pulses,18.9101203452903,44.56342439549914,24.13990452239606,8.27559808714469,170.77859491623275,17-17-17,NORTH EAST
Maharashtra,Pune,148,65,72,Black Soil,Soybean,19.063570058904734,67.68695582013086,33.45897752542878,8.208433510933288,140.6533686904727,10-26-26,SOUTH EAST
Uttar Pradesh,Kanpur,140,32,56,Alluvial Soil,Sugarcane,17.383252405369014,83.4487960868748,26.60330890187815,8.288451354512436,56.69449370794237,10-26-26,SOUTH EAST
Arunachal Pradesh,Tawang,132,53,92,Silty Soil,Millets,19.25563870162845,59.02908323956504,32.25852231474619,7.8238292260092726,150.0450266369261,10-26-26,NORTH EAST
Odisha,Rourkela,112,46,112,Alluvial Soil,Rice,20.235873794599293,59.24304826925966,26.003452438057014,4.719296651324646,178.21498947311946,10-26-26,SOUTH EAST
Jharkhand,Dhanbad,105,56,42,Alluvial Soil,Pulses,24.85110652615826,84.88823601284263,33.95261644475043,7.808163038083338,164.68528944185033,28-28,SOUTH WEST
West Bengal,Durgapur,138,83,60,Alluvial Soil,Tea,12.800701674942594,81.33783596404697,37.390904422361906,5.555767189696758,89.51657688151502,10-26-26,SOUTH EAST
Haryana,Chandigarh,124,45,42,Alluvial Soil,Pulses,23.263797523115976,75.13006173397883,38.27993759240743,4.580900297459809,130.15800950905577,28-28,SOUTH WEST
West Bengal,Kolkata,58,96,104,Alluvial Soil,Tea,14.78390340519706,78.99899693964835,30.623248946793886,7.720552219437755,120.86798690514176,10-26-26,SOUTH EAST
Haryana,Gurgaon,73,50,98,Alluvial Soil,Pulses,10.051005583033161,55.10166861035532,39.89941812023318,7.679807109302436,159.4131392190738,10-26-26,NORTH WEST
Odisha,Bhubaneswar,137,99,111,Alluvial Soil,Rice,13.064594190979985,57.495915884573634,24.870838150748348,4.7962123591853185,56.02765006059144,17-17-17,NORTH WEST
Nagaland,Wokha,134,31,82,Silty Soil,Maize,22.75138215232703,58.8880099180254,29.354911693305347,7.2630437525419875,198.92531450241518,10-26-26,NORTH WEST
Gujarat,Ahmedabad,50,84,90,Black Soil,Sugarcane,13.188277354077023,56.57916035017521,26.435203198590283,7.6329234945546425,192.55985870902086,10-26-26,SOUTH WEST
Sikkim,Gangtok,113,80,117,Silty Soil,Vegetables,23.1577483510294,42.66063955062283,31.236408276862576,8.266031091431689,174.55553154813109,17-17-17,SOUTH EAST
Chhattisgarh,Raipur,96,41,96,Red Soil,Pulses,27.659710089323795,71.83116063621196,31.885097861935083,8.207049076346284,154.49950721664192,10-26-26,SOUTH EAST
Haryana,Gurgaon,67,20,113,Alluvial Soil,Pulses,14.506548776162793,40.83110075409145,32.06252813609537,5.117059368422984,183.80449589535473,DAP,SOUTH EAST
Kerala,Kochi,112,55,109,Alluvial Soil,Coffee,20.884120709061236,61.89438268170341,32.644341140008294,7.638977523726561,187.987159550875,10-26-26,SOUTH WEST
Tamil Nadu,Madurai,116,61,42,Red Soil,Groundnut,19.642245844012947,69.11509790578918,28.608496573717144,4.586950255971604,165.09707909897236,28-28,NORTH EAST
Chhattisgarh,Durg,149,46,62,Red Soil,Pulses,28.272262927892072,82.19897859457619,23.715575065490263,6.685229473563783,155.2549431600271,10-26-26,SOUTH EAST
Telangana,Warangal,101,95,44,Black Soil,Maize,17.484631846515242,73.97418472402815,32.180129488693325,7.667682567365004,65.88369504359981,28-28,SOUTH EAST
Manipur,Thoubal,54,97,110,Silty Soil,Rice,27.595230661440258,57.222821389652395,27.855672980427673,8.091428125838219,89.47954682234618,10-26-26,SOUTH EAST
Tamil Nadu,Madurai,81,38,101,Red Soil,Groundnut,14.98160589136026,54.111385417247824,25.000333058176537,6.574147567936015,68.29100768920264,10-26-26,NORTH EAST
Gujarat,Surat,103,81,57,Black Soil,Sugarcane,16.281030247797194,59.77711805310819,24.060993835211097,6.249498387845712,176.14959429384376,10-26-26,NORTH WEST
Jharkhand,Dhanbad,90,70,117,Alluvial Soil,Pulses,26.315252072220236,47.945540461845354,22.492193991685056,8.234074919757784,87.7166850558185,10-26-26,SOUTH WEST
Karnataka,Hubli,99,85,43,Black Soil,Coffee,13.607142272738775,64.91530936386721,28.93119495618597,6.447996718856895,163.4272633570126,28-28,SOUTH EAST
Mizoram,Aizawl,78,68,82,Silty Soil,Maize,14.756113510052424,84.15201808804429,37.35881316165261,8.272498954820598,129.9460281018359,10-26-26,SOUTH EAST
Madhya Pradesh,Bhopal,116,31,69,Black Soil,Wheat,11.721325656611244,56.843943805593725,33.10051761224288,7.788220871626001,185.92447095702772,10-26-26,SOUTH WEST
Odisha,Bhubaneswar,135,61,34,Alluvial Soil,Rice,19.809641243831614,52.390436544966036,26.624149590002048,4.504205968559113,107.8259407941821,28-28,SOUTH EAST
Nagaland,Wokha,132,91,78,Silty Soil,Maize,23.143357586502606,78.7031342826549,38.47811486112855,7.173317913028984,101.78488364423964,10-26-26,SOUTH WEST
Uttarakhand,Nainital,133,76,106,Loamy Soil,Vegetables,26.93894405668641,87.95735177280187,20.097226621408268,5.102343647519347,185.47540792108202,17-17-17,SOUTH EAST
Nagaland,Dimapur,70,92,98,Silty Soil,Maize,14.059532384251277,59.448350033496,21.65121871195942,7.11578556569733,99.70266567681092,10-26-26,SOUTH EAST
Telangana,Hyderabad,101,94,57,Black Soil,Maize,25.400289471933956,51.46266841710172,27.5351069080961,6.543018783140829,86.33822869894136,10-26-26,SOUTH WEST
Telangana,Hyderabad,96,81,99,Black Soil,Maize,16.830592248634233,73.81347615326774,31.13279872998619,8.274836608315988,143.0238994456481,10-26-26,NORTH WEST
Gujarat,Surat,127,83,54,Black Soil,Sugarcane,14.791472229560696,82.9629706439452,23.81924394297066,5.0415686926229615,61.58943982076874,10-26-26,SOUTH WEST
Uttar Pradesh,Agra,57,25,55,Alluvial Soil,Sugarcane,16.407896184234495,41.782655645362176,35.80302824578045,4.581273251164683,59.79111608687076,Urea,SOUTH WEST
Kerala,Kozhikode,107,28,95,Alluvial Soil,Coffee,21.369777881373864,45.33124238079165,25.076481893178446,6.7547022437304625,171.4174229098624,DAP,SOUTH EAST
Tripura,Udaipur,80,93,58,Silty Soil,Rice,18.521518848594376,57.67400345202452,26.86260603833083,7.55264261590068,179.56834283309712,10-26-26,SOUTH WEST
Karnataka,Mysuru,79,87,33,Black Soil,Coffee,15.094762619019539,81.97573831599246,30.69333254047787,6.775322275646841,151.78796731839407,28-28,SOUTH WEST
Gujarat,Ahmedabad,111,90,117,Black Soil,Sugarcane,22.36226227388541,67.74712309017295,38.86510931671386,6.925962557683453,105.36856712517492,17-17-17,NORTH WEST
Uttar Pradesh,Kanpur,135,61,103,Alluvial Soil,Sugarcane,17.96032253939886,70.50645337286632,32.956515149108185,4.774396531102808,111.00452171521523,17-17-17,SOUTH EAST
Nagaland,Kohima,97,92,64,Silty Soil,Maize,13.142565049587223,84.28900076088964,31.38165973766834,5.084757238178749,119.18740338468015,10-26-26,SOUTH WEST
Punjab,Jalandhar,96,77,95,Alluvial Soil,Wheat,17.14017525881058,75.0879933696508,25.743462847021835,6.600769313515411,162.1460178900004,10-26-26,NORTH EAST
Tamil Nadu,Chennai,113,54,115,Red Soil,Groundnut,20.42767510697991,87.75014472735701,35.709813834361164,4.863670282325648,76.2762323325394,10-26-26,SOUTH WEST
West Bengal,Durgapur,96,36,103,Alluvial Soil,Tea,11.33741658524524,54.73699801198499,37.102682823585596,7.826541427604486,78.27712940819457,10-26-26,NORTH EAST
Sikkim,Pelling,131,46,70,Silty Soil,Vegetables,24.267240402359207,64.78682822814301,29.60824043454651,6.468766971117066,103.77846590281601,10-26-26,SOUTH EAST
Nagaland,Wokha,124,28,82,Silty Soil,Maize,28.434372203954744,65.39795748063383,38.5047039579581,6.468424184170731,79.12687613019983,DAP,NORTH WEST
Manipur,Imphal,75,31,104,Silty Soil,Rice,29.721683697246487,69.1914745502413,35.91010984922953,7.963950525904314,58.26042892502394,10-26-26,SOUTH WEST
Sikkim,Pelling,56,90,99,Silty Soil,Vegetables,12.819854038533498,75.96921362912829,37.26261092176116,7.5338799980606765,134.00029929957043,10-26-26,SOUTH WEST
Rajasthan,Jodhpur,145,53,37,Desert Soil,Wheat,10.811350719434337,41.6977213484791,36.82078255059105,7.762722136416018,64.97475557007735,28-28,SOUTH WEST
Odisha,Rourkela,52,40,88,Alluvial Soil,Rice,23.92712751456572,51.43625017614764,21.699962714307766,5.284533679663298,77.20826454789017,10-26-26,SOUTH EAST
Goa,Margao,124,59,79,Sandy Soil,Cashew,24.17539007579071,42.992591750003896,27.7669465611496,6.753474295038984,181.51317272600468,10-26-26,NORTH EAST
Himachal Pradesh,Shimla,53,89,109,Loamy Soil,Wheat,26.43880973755008,54.20214517438043,36.23598216914751,8.351717504246997,88.61354553537197,10-26-26,SOUTH EAST
Telangana,Karimnagar,92,53,53,Black Soil,Maize,28.640547367392134,44.906289757530004,22.751253461976624,6.872623638753453,114.99544037040042,10-26-26,SOUTH EAST
Rajasthan,Udaipur,107,55,45,Desert Soil,Wheat,18.828973144097887,63.05087977454302,20.332074074750064,6.855629659262791,85.70521083173287,28-28,NORTH WEST
Rajasthan,Jaipur,113,64,65,Desert Soil,Wheat,26.787501506537005,53.72197398056492,34.74969198513837,6.58356244473274,56.0924942233964,10-26-26,NORTH WEST
Meghalaya,Jowai,148,95,56,Silty Soil,Vegetables,20.654637252040693,86.55367740349277,29.54319304379713,7.135999384717261,167.40260978513916,10-26-26,SOUTH EAST
Haryana,Faridabad,144,33,32,Alluvial Soil,Pulses,19.897754472612384,43.13505933911623,35.14195073639192,7.404834892596142,145.32122142478343,28-28,SOUTH WEST
Sikkim,Gangtok,122,85,74,Silty Soil,Vegetables,18.00874012153223,46.66215809966614,28.23243833632551,8.187741583892304,176.06597555635432,10-26-26,NORTH WEST
Kerala,Kozhikode,72,27,90,Alluvial Soil,Coffee,12.679004546061911,67.20176681422693,36.246946970855994,7.613330954021496,78.25375613140228,DAP,NORTH WEST
Meghalaya,Shillong,98,91,76,Silty Soil,Vegetables,14.251005298752338,46.64374376814998,34.93921940300406,4.701578620062069,192.95568835175195,10-26-26,NORTH WEST
Odisha,Rourkela,138,67,112,Alluvial Soil,Rice,27.759864782244158,49.38614825153902,31.546952899488296,7.777828871967783,123.1883577656468,17-17-17,SOUTH WEST
Himachal Pradesh,Dharamshala,63,37,63,Loamy Soil,Wheat,18.29229416547598,50.0045084845048,21.15872713478884,4.815807843296778,126.14501008537657,10-26-26,NORTH WEST
Meghalaya,Tura,140,21,79,Silty Soil,Vegetables,20.42769080758722,68.13095824683406,37.161174699795794,5.281428335548581,61.16160564212977,DAP,SOUTH WEST
Gujarat,Surat,96,86,104,Black Soil,Sugarcane,14.154834963497079,52.47031661167778,20.47379300999023,7.187233466678718,162.49856585380348,10-26-26,SOUTH WEST
Jharkhand,Jamshedpur,131,36,66,Alluvial Soil,Pulses,26.591915701101044,79.58254094443635,25.70748018614511,7.076240177879001,87.61561450484749,10-26-26,NORTH WEST
Rajasthan,Udaipur,57,41,105,Desert Soil,Wheat,28.243133547370377,72.68308978915609,35.205261838284514,7.264694534033011,100.7397695617365,10-26-26,SOUTH EAST
Madhya Pradesh,Indore,146,45,98,Black Soil,Wheat,27.626698981112945,62.56348761722058,21.49535433734336,8.142442042456748,81.00712506721406,10-26-26,SOUTH EAST
Kerala,Kozhikode,146,59,90,Alluvial Soil,Coffee,12.047432811582066,40.694132786733306,39.84549546694464,6.9910182625441575,161.11846521408935,10-26-26,SOUTH EAST
Goa,Vasco da Gama,129,49,103,Sandy Soil,Cashew,18.18879949554319,68.53230409207723,20.870541282701296,7.172009450782037,113.96413670671603,10-26-26,SOUTH WEST
Gujarat,Ahmedabad,146,87,99,Black Soil,Sugarcane,14.809090954149951,83.73971486293476,38.75814059459492,6.063154277187486,169.89979289613143,17-17-17,NORTH EAST
Rajasthan,Jodhpur,58,42,116,Desert Soil,Wheat,22.082602210877415,80.91953908905148,23.350249941490237,7.96356441100565,113.55812719750665,10-26-26,SOUTH WEST
Kerala,Kochi,61,53,44,Alluvial Soil,Coffee,10.691462604808933,44.48296418458353,36.48240408284889,6.3653421560832335,161.45067218275827,28-28,NORTH WEST
Telangana,Hyderabad,146,58,108,Black Soil,Maize,15.07361884684286,74.74829224680892,31.894680473050876,7.788024753854858,60.14678109543715,10-26-26,SOUTH EAST
Punjab,Jalandhar,87,83,73,Alluvial Soil,Wheat,14.98843851357202,67.25598065751974,36.56288821344505,6.292558994527811,78.25173780670582,10-26-26,SOUTH EAST
Nagaland,Dimapur,125,81,102,Silty Soil,Maize,21.09472808989851,65.14572812205108,33.052647655758975,6.4296297567983824,101.14503808543249,17-17-17,SOUTH EAST
Gujarat,Surat,133,31,97,Black Soil,Sugarcane,21.337105781216188,44.92972837028551,25.67116171207185,6.772317396369323,69.41623682667927,10-26-26,NORTH WEST
West Bengal,Durgapur,81,87,99,Alluvial Soil,Tea,29.867222804234313,47.41095329632539,25.98632620282931,5.78406038410865,175.2811891210145,10-26-26,SOUTH EAST
Manipur,Imphal,86,32,47,Silty Soil,Rice,14.79457968516219,70.61082849386318,37.11117990347783,6.852640349372903,167.96449324853347,28-28,SOUTH EAST
Uttar Pradesh,Kanpur,98,40,82,Alluvial Soil,Sugarcane,16.356989072283966,86.11795581981353,35.95470138662744,5.806536296215975,104.44878069026569,10-26-26,SOUTH EAST
Tripura,Udaipur,67,90,34,Silty Soil,Rice,24.82379021889423,75.82314811661107,36.0261913164198,7.402304800937593,54.835174102971855,28-28,NORTH EAST
Goa,Panaji,70,82,56,Sandy Soil,Cashew,29.50398707667063,78.54734359924018,23.342300040245295,4.562990873650335,145.52837954232123,10-26-26,SOUTH WEST
Tamil Nadu,Chennai,97,85,46,Red Soil,Groundnut,12.372182172610572,61.79670657741348,31.599029722878768,5.55852543433409,69.90959999111418,28-28,SOUTH WEST
Tripura,Agartala,58,44,92,Silty Soil,Rice,15.208696777309667,51.883698815908915,36.36079011730544,8.398266515791331,98.87207405809812,10-26-26,NORTH EAST
Gujarat,Surat,108,77,84,Black Soil,Sugarcane,10.426704141481196,72.82910635495094,33.880228369880754,7.992801543024033,196.45392299830507,10-26-26,NORTH EAST
Sikkim,Namchi,63,82,78,Silty Soil,Vegetables,22.05636166474572,64.62403958584798,36.13341120046171,8.49707785610499,100.43577760303825,10-26-26,NORTH EAST
Assam,Guwahati,66,93,83,Alluvial Soil,Jute,20.9750582216547,89.91246466962383,26.907516803009646,6.369267945835121,154.94628449234943,10-26-26,SOUTH EAST
Himachal Pradesh,Dharamshala,89,29,93,Loamy Soil,Wheat,16.376437851083615,83.89383417934688,20.671417978009107,5.471345934477512,147.80474813244217,DAP,SOUTH EAST
Bihar,Bhagalpur,119,64,74,Alluvial Soil,Rice,14.861390474795517,69.38261072526313,22.75434587330946,7.649410616413165,93.26790156132694,10-26-26,SOUTH WEST
Manipur,Imphal,75,61,40,Silty Soil,Rice,27.88438654465411,68.1749156923149,23.991921024806487,6.470558464320298,87.49838873567967,28-28,SOUTH WEST
Chhattisgarh,Durg,61,95,64,Red Soil,Pulses,24.488739992104172,47.23282340740156,22.23667675979452,8.160011989903479,178.22685451954553,10-26-26,NORTH EAST
Madhya Pradesh,Indore,125,23,57,Black Soil,Wheat,25.199222358476298,52.479467531566556,37.404338166597284,6.896150672792399,169.41324108906616,DAP,NORTH WEST
Jharkhand,Ranchi,118,69,78,Alluvial Soil,Pulses,22.502019415224424,48.745070729360336,21.759133510166,6.093459790670449,120.53501734262935,10-26-26,SOUTH EAST
Tamil Nadu,Coimbatore,91,45,52,Red Soil,Groundnut,23.69610785314417,47.99237149351646,29.664013155913054,6.974600783530322,98.52715485561194,10-26-26,SOUTH WEST
Haryana,Chandigarh,126,50,58,Alluvial Soil,Pulses,25.89303620841619,68.30106747694705,22.209770909153498,5.624651190977716,103.06532381106001,10-26-26,SOUTH EAST
Andhra Pradesh,Hyderabad,96,47,31,Red Soil,Rice,23.598470670294983,57.32039468853105,22.23588716665859,4.946979597266452,118.01426545140778,28-28,NORTH EAST
Arunachal Pradesh,Itanagar,85,26,111,Silty Soil,Millets,17.86783739036479,78.22630431520298,35.86461073583172,8.241739749900773,87.73609425454151,DAP,NORTH WEST
Arunachal Pradesh,Tawang,57,84,86,Silty Soil,Millets,17.599360047669876,86.81469918977693,30.763465522122395,5.915374965724343,81.37545202325417,10-26-26,NORTH WEST
Himachal Pradesh,Manali,108,40,75,Loamy Soil,Wheat,18.190639239151334,79.46315163317196,23.090138456337492,5.466307385664358,150.91080217838345,10-26-26,SOUTH WEST
Haryana,Chandigarh,109,79,93,Alluvial Soil,Pulses,10.698311679553514,77.06170431057623,32.5589092229428,6.762406530287475,106.59332703121868,17-17-17,NORTH WEST
Telangana,Warangal,65,76,42,Black Soil,Maize,29.67121634192441,81.44219792068924,35.09629315957131,4.540634032990804,62.29283430901921,28-28,NORTH EAST
Rajasthan,Udaipur,148,27,101,Desert Soil,Wheat,24.96499553477376,83.36934904397394,32.222627431256676,5.7567765435675,66.92104444696723,DAP,SOUTH WEST
Kerala,Kozhikode,145,69,45,Alluvial Soil,Coffee,12.037982978297801,83.2920353664046,34.91307999064796,8.154526210574904,162.30205420136207,28-28,NORTH EAST
Uttar Pradesh,Kanpur,73,28,97,Alluvial Soil,Sugarcane,13.352039979250524,77.23865157699979,23.82801574964533,6.314479561489537,190.3823966416649,DAP,NORTH WEST
Chhattisgarh,Bilaspur,97,90,92,Red Soil,Pulses,10.560588146668712,58.03257949157697,33.4951357749808,4.515572205970647,65.68743363954297,10-26-26,NORTH EAST
Assam,Guwahati,124,95,118,Alluvial Soil,Jute,28.165416423812836,61.009907592096695,24.27403798609807,7.346248984008165,154.04525435568434,17-17-17,NORTH WEST
Madhya Pradesh,Gwalior,133,50,97,Black Soil,Wheat,16.222569368133264,55.17338837238631,29.52316972779947,5.565024248987081,167.8255379332615,10-26-26,SOUTH EAST
Tamil Nadu,Coimbatore,114,90,104,Red Soil,Groundnut,24.61749720539228,87.2326312365866,24.858279463744047,5.319652170302671,199.8210260859139,17-17-17,SOUTH WEST
Nagaland,Dimapur,93,90,48,Silty Soil,Maize,22.332834412783146,78.93765279543646,26.259930623066758,4.878061484024265,129.5798696697757,28-28,NORTH EAST
Tamil Nadu,Madurai,100,99,81,Red Soil,Groundnut,28.811469433379994,70.23483680523957,39.567995016708196,8.23003347561847,169.06811732727414,10-26-26,NORTH EAST
Himachal Pradesh,Shimla,99,27,77,Loamy Soil,Wheat,24.204001007214707,79.98633740743472,29.845096743297354,8.195677457010298,58.673898408008135,DAP,SOUTH EAST
Telangana,Karimnagar,112,26,30,Black Soil,Maize,10.778766112361083,51.660562077572145,23.060814815136823,5.25192148540517,127.63175040310237,DAP,NORTH EAST
Assam,Dibrugarh,116,48,105,Alluvial Soil,Jute,11.460545693197965,41.14901720634714,34.92528151867648,4.710366318352448,164.2056515231445,10-26-26,NORTH EAST
Uttar Pradesh,Kanpur,135,96,45,Alluvial Soil,Sugarcane,24.58829735817047,58.457575290590015,23.485304674469813,8.121395111385779,82.92944142589045,28-28,SOUTH WEST
Tripura,Udaipur,112,62,48,Silty Soil,Rice,28.03517400194081,88.69928347349745,26.621519854911764,5.316949611590767,176.3206806887651,28-28,NORTH WEST
Karnataka,Hubli,65,62,72,Black Soil,Coffee,20.400967178259847,80.89509027303099,36.11691779957759,5.362896394329066,161.69963846352593,10-26-26,NORTH EAST
Punjab,Amritsar,74,91,67,Alluvial Soil,Wheat,15.22611999869003,49.63143401945222,34.80924107681569,7.194909625335662,185.19495616665873,10-26-26,NORTH EAST
Manipur,Churachandpur,87,61,45,Silty Soil,Rice,24.545309013540848,53.066146508692746,29.202964103133784,8.277476913132773,129.8253037911909,28-28,NORTH WEST
Nagaland,Dimapur,134,44,84,Silty Soil,Maize,23.835211070811564,85.78155799695972,30.37973603836446,7.796870104579462,70.95743587470261,10-26-26,SOUTH WEST
Punjab,Amritsar,57,57,83,Alluvial Soil,Wheat,17.78182968920254,84.70976344043558,25.88104666981966,7.273872568146109,170.31710907724423,10-26-26,NORTH WEST
Madhya Pradesh,Gwalior,50,67,117,Black Soil,Wheat,13.529651676948669,48.682456380966194,38.936618506710204,6.516627313912699,121.54897218334243,10-26-26,SOUTH EAST
West Bengal,Durgapur,95,88,72,Alluvial Soil,Tea,17.824598128761508,76.01258053927593,36.18477773464947,4.652549062387541,79.86364117980307,10-26-26,SOUTH EAST
Andhra Pradesh,Visakhapatnam,137,99,60,Red Soil,Rice,27.89284139294722,81.95391663940347,32.026624703354706,6.771207723664593,173.05654781253827,10-26-26,SOUTH WEST
Madhya Pradesh,Gwalior,52,73,77,Black Soil,Wheat,23.579418232794744,65.76811164986319,32.777750062995544,8.359123540848591,60.041915152576685,10-26-26,SOUTH EAST
Uttarakhand,Dehradun,123,73,90,Loamy Soil,Vegetables,13.420693312915077,44.61102148919208,26.491890100925964,7.446177101539838,144.96432724577858,10-26-26,NORTH WEST
Goa,Margao,113,86,71,Sandy Soil,Cashew,11.8901255332932,89.10748347685355,38.39440999499554,6.493369387637834,54.617685163260866,10-26-26,NORTH WEST
Kerala,Kochi,86,50,60,Alluvial Soil,Coffee,21.8147365693436,68.36576890300049,35.216655010705274,7.702893530338815,61.06251774684431,10-26-26,SOUTH EAST
Uttar Pradesh,Kanpur,137,91,32,Alluvial Soil,Sugarcane,14.226028241762993,51.89884992637293,22.744380748198576,5.814964745557623,152.501341792563,28-28,SOUTH WEST
Karnataka,Hubli,58,98,55,Black Soil,Coffee,10.61913372381402,71.3484797695661,35.68036123105961,7.741015949593486,134.37122223033225,10-26-26,NORTH WEST
Uttar Pradesh,Agra,78,57,41,Alluvial Soil,Sugarcane,19.94768963459122,62.42617806017191,31.75308029360933,6.713860386914726,132.37841822291387,28-28,SOUTH EAST
Himachal Pradesh,Shimla,109,69,63,Loamy Soil,Wheat,24.020576736595665,49.99338648103999,36.766335085808905,8.09105827687113,140.83932512291668,10-26-26,SOUTH WEST
Chhattisgarh,Bilaspur,138,58,42,Red Soil,Pulses,10.995672511328555,40.62371370122122,28.82994338090745,4.986487452172383,83.85083137248864,28-28,SOUTH WEST
Manipur,Thoubal,50,26,82,Silty Soil,Rice,13.218187465741476,59.158371649489055,33.73896448572124,6.665981077110807,133.74010524913072,DAP,SOUTH WEST
Karnataka,Bengaluru,130,58,92,Black Soil,Coffee,23.315760927015784,88.61567713958885,37.29830575017875,4.8271901564960835,51.89070313295695,10-26-26,SOUTH EAST
Bihar,Patna,135,28,107,Alluvial Soil,Rice,15.129899040599122,68.89867855711262,34.23187299091883,4.861075491161268,177.12972656725103,DAP,SOUTH EAST
Rajasthan,Udaipur,66,68,69,Desert Soil,Wheat,22.447168876623373,49.78283715454019,39.820905863896805,5.284733906111892,163.34511781089896,10-26-26,NORTH EAST
Assam,Guwahati,99,70,48,Alluvial Soil,Jute,18.093133205620273,69.11444701130344,37.08955422602368,4.536764061843506,79.72961507254124,28-28,SOUTH WEST
Arunachal Pradesh,Tawang,105,49,55,Silty Soil,Millets,29.357581933530177,72.85964167340052,25.736230907657006,7.632256691866298,155.54325225800667,10-26-26,SOUTH EAST
Rajasthan,Jodhpur,83,73,59,Desert Soil,Wheat,23.691294282893807,63.07053813149922,28.256414692168555,8.443199912702744,67.6040660085368,10-26-26,SOUTH WEST
Maharashtra,Mumbai,116,62,55,Black Soil,Soybean,21.195351865665643,85.27054549196504,20.032243929528246,7.553757487897228,75.111630670663,10-26-26,NORTH WEST
Mizoram,Champhai,132,98,111,Silty Soil,Maize,23.205329903126028,48.23004240238656,35.017474415970554,6.727515375157897,68.30639947917601,17-17-17,NORTH EAST
Karnataka,Bengaluru,129,51,80,Black Soil,Coffee,13.35460767050491,63.6005157404533,25.703223206964537,6.191018143819486,170.56652401518568,10-26-26,NORTH WEST
Gujarat,Vadodara,146,20,31,Black Soil,Sugarcane,19.134551379691775,65.95112765280501,33.36290361873351,6.661877269588105,65.78252494086841,DAP,SOUTH WEST
Arunachal Pradesh,Tawang,106,92,74,Silty Soil,Millets,19.26293589565334,45.71500790295609,35.520233897712984,8.308156704452351,164.54538525875327,10-26-26,NORTH EAST
Telangana,Hyderabad,79,28,32,Black Soil,Maize,15.957176486488684,43.03627914992685,22.067944194014682,4.651553118150281,132.33346101106082,DAP,NORTH WEST
Kerala,Thiruvananthapuram,121,81,39,Alluvial Soil,Coffee,16.80032155804731,49.42933049224807,21.17365494087999,6.3089062549028165,116.01806909823841,28-28,NORTH EAST
Maharashtra,Mumbai,129,26,38,Black Soil,Soybean,22.05746444547794,82.86971870065868,23.65090372460969,6.697105770884072,126.83696215686662,DAP,NORTH WEST
Odisha,Bhubaneswar,90,76,103,Alluvial Soil,Rice,28.888878701640053,53.50840434204593,26.5660842072916,6.851070487092876,199.23478327547238,10-26-26,NORTH WEST
Manipur,Thoubal,104,83,93,Silty Soil,Rice,11.172373779594624,86.20583392711954,23.636901948487846,7.727220763859481,79.40894779604155,17-17-17,SOUTH WEST
Rajasthan,Udaipur,103,47,106,Desert Soil,Wheat,21.598851136108266,41.854103998878095,25.50240288508025,7.08882176028005,166.60459021574565,10-26-26,NORTH WEST
Himachal Pradesh,Dharamshala,52,68,91,Loamy Soil,Wheat,26.880644345604,84.0763434225764,26.029057046796392,7.2567301050655075,89.32661929937903,10-26-26,NORTH EAST
Punjab,Jalandhar,121,32,67,Alluvial Soil,Wheat,29.620048242087172,80.43607895923577,28.80546630815452,6.962014638830035,64.95068073283419,10-26-26,SOUTH WEST
Uttar Pradesh,Agra,118,42,101,Alluvial Soil,Sugarcane,21.895518892310836,56.03130563045124,23.027431058316836,7.746037586566025,150.68868304971926,10-26-26,NORTH WEST
Gujarat,Surat,101,53,51,Black Soil,Sugarcane,11.23800049296481,80.88014039901842,39.59627338960538,5.903757271586098,92.115843028252,10-26-26,NORTH EAST
Bihar,Gaya,91,43,87,Alluvial Soil,Rice,28.097974550924853,80.31201333269851,33.93770086280202,5.553340690177283,160.35717588946028,10-26-26,NORTH WEST
Gujarat,Surat,115,27,70,Black Soil,Sugarcane,11.455229819504357,61.84333434771347,38.880676025921744,6.575121115300435,88.0972902023021,DAP,SOUTH WEST
Gujarat,Vadodara,81,32,104,Black Soil,Sugarcane,21.70305729155101,61.918717626659856,32.00149013088323,5.338485465146381,80.81530273825831,10-26-26,SOUTH EAST
West Bengal,Siliguri,141,51,31,Alluvial Soil,Tea,17.279179196754985,54.502483218977076,36.16837659552359,8.463746878116703,94.05141686058754,28-28,SOUTH WEST
Andhra Pradesh,Hyderabad,76,63,81,Red Soil,Rice,13.447624729578225,41.24347960180962,30.873462565339075,5.90228377571589,71.53740751414932,10-26-26,NORTH EAST
Mizoram,Aizawl,113,56,88,Silty Soil,Maize,11.558908050068881,45.86677993243503,20.119514523484256,6.033560436335923,68.38175878743183,10-26-26,NORTH WEST
Nagaland,Kohima,148,80,44,Silty Soil,Maize,13.615126538734042,60.96725381893174,34.72987311324616,4.667045023946127,70.77759304455736,28-28,NORTH WEST
Bihar,Gaya,85,82,35,Alluvial Soil,Rice,10.208309425334699,85.78569966135618,37.21895321204276,6.677106705341945,179.2647106594329,28-28,SOUTH EAST
Meghalaya,Shillong,111,31,118,Silty Soil,Vegetables,17.48866242736593,62.2574137407499,36.59878629426201,5.970558168014434,56.49112110374156,10-26-26,NORTH WEST
Andhra Pradesh,Visakhapatnam,68,24,60,Red Soil,Rice,26.764215386320895,80.9887253375927,33.15529041945947,6.911913714156437,171.50151706804206,DAP,SOUTH EAST
Haryana,Faridabad,59,38,112,Alluvial Soil,Pulses,11.403550019725479,56.648859997392734,29.949091214913505,7.9748716126023265,186.86253753603128,10-26-26,SOUTH WEST
Assam,Dibrugarh,144,93,97,Alluvial Soil,Jute,10.917992951180189,57.18224990460064,29.332602875703365,5.7045453147926,155.46828489742722,17-17-17,NORTH EAST
Odisha,Cuttack,77,52,83,Alluvial Soil,Rice,28.398996327306843,68.14905372786203,38.20099361024715,8.261277313511247,187.35995946328586,10-26-26,NORTH WEST
Jharkhand,Jamshedpur,125,33,111,Alluvial Soil,Pulses,11.57516647984453,76.16022873714283,35.19774276659509,7.162396160218118,113.60046573433311,10-26-26,SOUTH EAST
Telangana,Warangal,112,77,81,Black Soil,Maize,27.067583762000552,61.50293916184988,25.093027526422233,8.445526539848728,100.68412063798658,10-26-26,NORTH EAST
Karnataka,Mysuru,112,34,118,Black Soil,Coffee,13.930191407010552,53.431727414679784,33.4918449393484,7.360013704882623,162.9193010521558,10-26-26,NORTH WEST
Rajasthan,Udaipur,83,49,105,Desert Soil,Wheat,21.737275700344952,66.32995542008446,39.6409575424793,5.325855909264057,151.33905760961375,10-26-26,SOUTH WEST
Maharashtra,Nagpur,60,93,116,Black Soil,Soybean,13.893387334913658,84.03915808468157,31.484114460840473,5.188218618462734,69.80324196962206,10-26-26,NORTH EAST
Assam,Silchar,80,92,87,Alluvial Soil,Jute,15.000697919347123,71.10728417874716,23.33216857376814,5.718250273734787,139.16413512604012,10-26-26,NORTH EAST
Uttar Pradesh,Kanpur,115,44,109,Alluvial Soil,Sugarcane,24.16790890660307,48.50932350602119,20.23987045881755,6.356223577816447,70.95273978058731,10-26-26,NORTH EAST
Mizoram,Aizawl,68,75,113,Silty Soil,Maize,28.143683363075528,59.78870626991827,36.47504150376675,6.025304407048324,107.82253857266299,10-26-26,SOUTH EAST
Kerala,Kozhikode,113,52,61,Alluvial Soil,Coffee,21.155975052987795,86.83083596735162,23.833734142360363,8.198773815246039,81.00838587045496,10-26-26,NORTH WEST
Karnataka,Mysuru,70,67,68,Black Soil,Coffee,28.388727694138534,76.91233392527101,35.65930590265613,4.745193459027503,94.35227825698804,10-26-26,NORTH WEST
Karnataka,Hubli,118,70,84,Black Soil,Coffee,15.83035064116694,80.94025499837831,23.88086344176784,5.472464036696678,186.4157735077271,10-26-26,NORTH EAST
Manipur,Imphal,88,99,50,Silty Soil,Rice,16.72563819264118,58.21110088068861,39.54947542679123,6.452388896597481,117.47321542052698,10-26-26,SOUTH EAST
Uttarakhand,Dehradun,146,77,41,Loamy Soil,Vegetables,24.3165843589854,71.50297909331788,30.724080762650594,7.734142917811491,96.90758880450724,28-28,SOUTH WEST
Madhya Pradesh,Gwalior,54,31,113,Black Soil,Wheat,26.049356965690933,81.99281543721682,34.99710549963044,7.878676910529531,167.45812925615462,10-26-26,SOUTH WEST
West Bengal,Durgapur,98,58,30,Alluvial Soil,Tea,22.837727948892404,44.37330032551912,20.10619554848129,6.444429454965849,157.86380226219012,28-28,SOUTH WEST
Telangana,Karimnagar,90,91,57,Black Soil,Maize,14.135958595057232,49.86718881469563,34.10631697714823,7.418811798991438,186.69720886413958,10-26-26,SOUTH WEST
Tamil Nadu,Madurai,138,29,55,Red Soil,Groundnut,14.260054945166514,70.59249988908087,33.532102934265154,4.922080219201056,158.2243672548332,DAP,SOUTH WEST
West Bengal,Siliguri,78,84,90,Alluvial Soil,Tea,12.797246121481685,43.36362298627312,25.97767911535538,5.5395922595646425,102.7834471079309,10-26-26,SOUTH WEST
Meghalaya,Tura,147,74,100,Silty Soil,Vegetables,19.517046727013337,46.87913959268944,20.647870770218304,4.533449786288758,54.45222229827941,17-17-17,NORTH EAST
Nagaland,Kohima,130,58,49,Silty Soil,Maize,15.062231805655394,79.41321059626075,26.73900980246315,8.281693623926428,110.74480560751084,28-28,SOUTH EAST
Maharashtra,Nagpur,103,45,47,Black Soil,Soybean,22.861536485777407,51.51132105920382,24.586092511305466,4.77608773409429,136.50204825367103,28-28,SOUTH WEST
Tripura,Dharmanagar,146,31,80,Silty Soil,Rice,25.974358804859662,60.1383103517732,31.618481227689173,4.9009123249738575,163.74552232939,10-26-26,SOUTH EAST
Tamil Nadu,Coimbatore,53,83,46,Red Soil,Groundnut,17.246245699218253,78.68920806996648,31.35578140843884,8.161803742891442,124.94474948997346,28-28,NORTH EAST
Karnataka,Mysuru,109,88,85,Black Soil,Coffee,17.552555612989877,84.08322372281182,31.625999086419352,7.962395153240786,154.4947058790102,10-26-26,NORTH WEST
Himachal Pradesh,Dharamshala,98,71,36,Loamy Soil,Wheat,13.507061044896913,70.27934859918884,28.599908820717282,6.598627409197774,54.584774902899554,28-28,NORTH EAST
Assam,Guwahati,145,36,114,Alluvial Soil,Jute,25.969063473119835,51.99934235689994,34.674106395650995,4.661290005449163,68.25322749866483,10-26-26,NORTH WEST
Karnataka,Hubli,122,94,83,Black Soil,Coffee,26.508000430653006,56.43177020239009,30.522177006539344,8.300640866531804,175.2571743351867,10-26-26,NORTH WEST
Rajasthan,Jodhpur,90,92,87,Desert Soil,Wheat,22.06057620851015,52.98997997283721,36.425972153527624,6.154688102064084,171.2187434921575,10-26-26,SOUTH EAST
Jharkhand,Ranchi,55,40,42,Alluvial Soil,Pulses,22.4660799264529,80.14174440230939,28.30179775818718,4.698643925390489,54.619506963020015,28-28,NORTH WEST
Telangana,Warangal,87,54,92,Black Soil,Maize,11.194653226686757,52.9701807885127,36.52504943281195,7.3370276594058375,183.683664631261,10-26-26,NORTH WEST
Meghalaya,Jowai,148,93,81,Silty Soil,Vegetables,24.565810599614117,60.76568255998551,34.75712943694557,5.527520578155913,63.28424960083579,10-26-26,NORTH WEST
Madhya Pradesh,Bhopal,54,50,48,Black Soil,Wheat,26.60931292002444,83.78928795191189,24.38973860834173,8.26017567895325,182.25723402861226,28-28,SOUTH WEST
Goa,Margao,55,47,58,Sandy Soil,Cashew,24.496297044963484,43.83747437954769,34.580193711111335,6.74390511332073,104.66544133289727,10-26-26,SOUTH WEST
Assam,Guwahati,85,59,82,Alluvial Soil,Jute,24.06060933601392,50.66117544340477,21.28794594360346,6.262192399423451,136.86823857296804,10-26-26,NORTH EAST
Punjab,Jalandhar,136,79,100,Alluvial Soil,Wheat,24.679332898285875,67.65858649929217,36.27131320847806,5.224312677010145,65.44987707865943,17-17-17,SOUTH EAST
Andhra Pradesh,Vijayawada,97,96,77,Red Soil,Rice,22.771209625963998,47.92280841088591,38.72856450355359,5.159786542841784,56.35347177482639,10-26-26,SOUTH EAST
Uttarakhand,Dehradun,67,38,107,Loamy Soil,Vegetables,22.495672379168177,59.42830362410863,34.522071603586056,8.374719991609632,51.19973239816954,10-26-26,SOUTH WEST
Nagaland,Dimapur,68,65,67,Silty Soil,Maize,10.029580257171517,49.51809200387065,32.41316064863842,8.383749231653177,106.28820069745683,10-26-26,NORTH WEST
Assam,Guwahati,89,98,65,Alluvial Soil,Jute,24.374062811158915,79.2483697146728,20.370635076665543,7.0431965906718546,109.79171813718715,10-26-26,NORTH EAST
Rajasthan,Udaipur,56,66,116,Desert Soil,Wheat,24.8633548546552,49.709112117882015,35.2444635103522,7.919697934701872,121.20138786728698,10-26-26,NORTH EAST
Chhattisgarh,Durg,64,34,45,Red Soil,Pulses,25.905729075522615,70.67937361902715,21.513878798486143,5.453088610905969,158.73063912837247,28-28,NORTH WEST
Karnataka,Bengaluru,64,69,89,Black Soil,Coffee,12.643631552016767,48.14514043163774,21.737008894152904,7.360902506196097,194.5562375099648,10-26-26,SOUTH EAST
Arunachal Pradesh,Tawang,107,62,82,Silty Soil,Millets,15.13380447060336,68.53249859581607,27.210813795494282,4.670779762090826,94.2742723660532,10-26-26,SOUTH WEST
Sikkim,Namchi,83,44,62,Silty Soil,Vegetables,12.453926510982864,45.04186723752902,38.172369910574844,6.671564235453947,98.38111025993047,10-26-26,SOUTH WEST
Maharashtra,Mumbai,94,50,66,Black Soil,Soybean,26.12541321567273,87.15244203701013,36.99855149212204,8.451139951797366,199.19850355599496,10-26-26,SOUTH EAST
Uttar Pradesh,Lucknow,99,44,78,Alluvial Soil,Sugarcane,27.83252382148061,66.65860059796513,23.310043356751844,7.6712614853495396,139.78382480578438,10-26-26,NORTH WEST
Sikkim,Namchi,59,98,79,Silty Soil,Vegetables,27.893397809919207,49.10994280426563,21.92543276471686,7.597844805040529,144.42355439013215,10-26-26,SOUTH WEST
Tamil Nadu,Coimbatore,117,76,66,Red Soil,Groundnut,10.852638213035286,69.94083049476012,29.35393977412196,4.813604134037862,74.70104219490742,10-26-26,NORTH EAST
Odisha,Bhubaneswar,88,57,84,Alluvial Soil,Rice,18.10665737132049,63.46283603950039,32.48118137388697,7.610311184187584,161.34582643589079,10-26-26,NORTH EAST
Chhattisgarh,Bilaspur,144,82,85,Red Soil,Pulses,28.25533623594158,51.81254429684736,23.676708191135337,6.755939100657397,122.20251168941407,10-26-26,NORTH EAST
Mizoram,Champhai,62,58,61,Silty Soil,Maize,15.609589691020604,75.42862581940173,35.06846806406036,7.334589824013737,98.89152847529812,10-26-26,NORTH WEST
Nagaland,Dimapur,63,27,33,Silty Soil,Maize,17.973823638804163,63.591300871999344,27.04662994605176,6.63985731014297,143.5340917792319,DAP,NORTH WEST
Madhya Pradesh,Bhopal,102,88,47,Black Soil,Wheat,27.672631520036127,69.66781955439448,32.409606071110574,4.947958893061099,56.63239767495968,28-28,NORTH EAST
Andhra Pradesh,Vijayawada,121,37,39,Red Soil,Rice,13.652054614721136,79.48171968882212,36.0852490749243,5.160281758974304,147.48209813216027,28-28,SOUTH EAST
Meghalaya,Shillong,87,78,107,Silty Soil,Vegetables,28.066640821908223,75.83900349260631,34.15472752949132,7.061208332050235,133.48753050938132,10-26-26,NORTH EAST
Punjab,Jalandhar,94,44,52,Alluvial Soil,Wheat,29.159653579747282,54.57547730002338,28.962980377520395,5.753120429346904,148.02803308189007,10-26-26,NORTH EAST
Maharashtra,Mumbai,143,45,75,Black Soil,Soybean,13.246121408215243,74.77090071323443,39.34620355941484,6.865564740892355,155.83542511096732,10-26-26,NORTH EAST
Himachal Pradesh,Manali,51,44,63,Loamy Soil,Wheat,24.990598906114634,82.33466406275875,39.85322686316398,7.226082077395695,71.77762442294865,10-26-26,NORTH EAST
West Bengal,Siliguri,104,30,40,Alluvial Soil,Tea,25.130573165295065,79.56965485120062,31.732496748979184,6.301756599922703,81.98887758067978,28-28,SOUTH EAST
Tripura,Dharmanagar,120,94,82,Silty Soil,Rice,24.304419362025676,77.0809217830638,24.537765014408354,6.415883573500671,178.2909747250418,10-26-26,NORTH EAST
West Bengal,Kolkata,136,53,75,Alluvial Soil,Tea,26.005375303851896,60.011917985380556,21.04983636616794,7.856221085199591,83.67755979331395,10-26-26,NORTH EAST
Uttar Pradesh,Lucknow,146,30,52,Alluvial Soil,Sugarcane,11.627868723894704,41.14381440849649,37.41300285154284,7.083794215172613,141.9138565108131,10-26-26,NORTH WEST
Madhya Pradesh,Gwalior,80,98,73,Black Soil,Wheat,23.85803128270915,84.6622139755479,33.67723185658167,5.2340647514044765,57.597116741074636,10-26-26,SOUTH WEST
Jharkhand,Dhanbad,98,69,71,Alluvial Soil,Pulses,21.479844744560943,51.29180896725407,28.406101390852704,7.650536813850616,82.56497295781577,10-26-26,NORTH WEST
Telangana,Karimnagar,74,93,98,Black Soil,Maize,11.716843302523882,77.75004364186626,20.33734694013663,6.229575826854657,102.84459003509285,10-26-26,SOUTH EAST
Uttar Pradesh,Kanpur,128,71,90,Alluvial Soil,Sugarcane,15.635257233492013,43.41171157622509,20.57261012497992,7.032455296145578,74.27421463790755,10-26-26,NORTH WEST
Assam,Silchar,125,89,117,Alluvial Soil,Jute,11.082198419673038,63.55668626422074,21.61423733352582,4.826641206540773,124.1089276813219,17-17-17,NORTH EAST
Telangana,Hyderabad,68,21,92,Black Soil,Maize,19.560439333541716,82.10370779508185,39.239542780939225,5.255718177407836,60.6489298713673,DAP,NORTH EAST
Madhya Pradesh,Bhopal,108,98,92,Black Soil,Wheat,25.22013164189069,59.9042993021599,34.93588233330027,6.90594734920823,131.44961018047636,17-17-17,NORTH EAST
Arunachal Pradesh,Tawang,114,49,49,Silty Soil,Millets,16.92821409628856,65.60710488552665,28.090799328319918,5.829212826228185,190.58185773604617,28-28,NORTH EAST
Meghalaya,Shillong,141,79,80,Silty Soil,Vegetables,14.351840362282577,80.46339493061161,29.825322898113722,8.210233110880466,83.56760765116233,10-26-26,NORTH EAST
Tamil Nadu,Coimbatore,136,69,48,Red Soil,Groundnut,25.48920267753646,78.94794939803063,39.2144062476999,4.556799836953676,189.25962292839398,28-28,NORTH WEST
Himachal Pradesh,Dharamshala,83,64,47,Loamy Soil,Wheat,18.869910365868076,69.68232059860253,28.852959849032636,4.962576499481207,161.99537718575417,28-28,NORTH WEST
Maharashtra,Mumbai,91,34,45,Black Soil,Soybean,29.139322037259348,45.07301503503115,24.31160779155426,5.734307909990266,171.82861517536742,28-28,SOUTH WEST
Jharkhand,Jamshedpur,73,77,85,Alluvial Soil,Pulses,25.031508412106973,85.69599843131911,24.531249080776,6.000967674836754,198.91369138194605,10-26-26,SOUTH WEST
Punjab,Amritsar,130,98,40,Alluvial Soil,Wheat,17.525014499985048,57.404636191126194,33.763715520107034,5.466293552621887,150.5766990975654,28-28,NORTH WEST
Rajasthan,Jodhpur,92,74,95,Desert Soil,Wheat,11.395705296359163,82.08499443725816,39.77449600305276,7.610282522448635,154.16063398651966,10-26-26,SOUTH EAST
Tripura,Agartala,130,57,35,Silty Soil,Rice,24.806651268702854,43.16873773049313,24.793989462356375,7.084719573914378,124.72614970784613,28-28,NORTH EAST
Nagaland,Kohima,135,45,41,Silty Soil,Maize,28.588122650785483,67.29741941946416,35.29678373413424,8.019486910181364,174.58792311530215,28-28,NORTH EAST
Meghalaya,Shillong,88,55,112,Silty Soil,Vegetables,18.54790983772801,77.92755549932164,28.821168326763765,5.455918862308971,180.91447714408824,10-26-26,NORTH EAST
Gujarat,Vadodara,114,93,84,Black Soil,Sugarcane,13.319874602144761,60.06069241356175,33.89012616076586,6.057670703508853,164.01507037617438,10-26-26,NORTH WEST
Chhattisgarh,Raipur,64,85,55,Red Soil,Pulses,16.709526221808,86.32787353130794,36.41616936537054,4.831023469176683,180.52116994560853,10-26-26,SOUTH WEST
Odisha,Cuttack,80,43,113,Alluvial Soil,Rice,12.999470138250214,45.687854510268366,24.981569536158307,5.2736774869461005,98.23087168990779,10-26-26,NORTH WEST
Chhattisgarh,Raipur,80,97,35,Red Soil,Pulses,27.78388454263951,56.17251866573031,22.171924439056937,8.079615688383253,117.36568954415523,28-28,SOUTH EAST
Tamil Nadu,Madurai,89,21,110,Red Soil,Groundnut,25.339072684241025,82.5990533901543,39.27697545486137,6.114500967215601,134.24747422866986,DAP,SOUTH EAST
Mizoram,Champhai,109,22,69,Silty Soil,Maize,10.52579664829889,87.06932265990557,29.58628784904277,6.798039640353459,128.29007558204785,DAP,SOUTH WEST
Karnataka,Bengaluru,108,66,87,Black Soil,Coffee,17.798669674324774,42.30456603508726,32.39739838475557,6.916522552976755,155.6233626906242,10-26-26,NORTH WEST
Telangana,Karimnagar,129,80,72,Black Soil,Maize,14.173091038078073,89.4086989953422,31.770872644839486,5.931958310518311,113.65128915126121,10-26-26,SOUTH EAST
Gujarat,Vadodara,67,44,113,Black Soil,Sugarcane,21.733460732660426,70.0051613636131,28.546136423719226,7.711350681338041,134.23790037176195,10-26-26,SOUTH EAST
Arunachal Pradesh,Itanagar,89,91,87,Silty Soil,Millets,22.039454608093674,60.600611760200636,21.821151761124607,5.1586015871621065,119.50039139069153,10-26-26,SOUTH WEST
Bihar,Bhagalpur,73,78,54,Alluvial Soil,Rice,24.92277198090693,52.6403815360853,34.33194054886189,5.90696967937877,112.36338479661282,10-26-26,SOUTH WEST
Goa,Margao,101,27,91,Sandy Soil,Cashew,14.759379752632585,45.64163000539194,20.57202842008494,8.414487365359136,75.57805724372352,DAP,SOUTH EAST
Maharashtra,Nagpur,94,85,30,Black Soil,Soybean,16.87086925257846,86.45660190591884,20.255217376454016,7.732746794245679,69.52818302574272,28-28,SOUTH WEST
Sikkim,Namchi,130,60,95,Silty Soil,Vegetables,14.363117677130994,46.56413242466651,20.69745021723869,5.908120896761131,139.5764918499602,10-26-26,NORTH EAST
Goa,Panaji,83,76,82,Sandy Soil,Cashew,27.412412353631215,89.16548586347893,27.971418199265024,8.16469097552,166.7894899581329,10-26-26,NORTH WEST
